1618,2064,3445,2279,1906,229
1618,2066,3445,2279,1906,229
1618,2066,3445,2282,1906,229
1618,2066,3445,2282,1906,229
1615,2064,3445,2282,1906,229
1615,2064,3440,2280,1906,229
1615,2064,3440,2280,1915,230
1659,2064,3440,2280,1915,230
1659,2036,3116,2252,1915,230
1659,2036,3116,2252,1898,210
1572,2036,3116,2252,1898,210
1572,1950,2968,2197,1889,215
1572,1950,2968,2197,1889,215
1445,1476,2356,2197,1889,215
1445,1476,2356,2309,1823,215
1445,1476,2356,2309,1823,231
1222,1389,2356,2309,1823,231
1222,1389,2064,3219,2082,231
1222,1389,2064,3219,2082,279
1158,1403,2064,3219,2082,279
1158,1403,1737,2639,2082,279
1118,1403,1737,2639,2052,1803
1118,1364,1276,1983,2052,1803
1118,1364,1276,1983,2159,1832
1185,1364,1276,1983,2159,1832
1185,1111,1178,1983,2159,1832
1185,1111,1178,1864,2902,1882
1185,1111,1178,1864,2902,1882
1269,1064,1147,1864,2902,1882
1269,1064,1147,1810,2783,1882
1269,1064,1147,1810,2783,1901
911,1134,1147,1810,2783,1901
911,1134,1484,2425,1935,1909
963,1045,1484,2425,1935,1909
963,1045,1713,2738,1935,1909
963,1045,1713,2738,1666,377
969,1045,1713,2738,1666,377
969,1655,2353,1850,1666,377
969,1655,2353,1850,1604,365
1345,1655,2353,1850,1604,365
1345,1928,2649,1850,1604,365
1345,1928,2649,1818,1784,383
1345,1928,2649,1818,1784,383
1409,1866,2601,1793,1786,383
1409,1866,2601,1793,1786,347
1529,1825,2601,1793,1786,347
1529,1825,2554,1754,348,347
1529,1825,2554,1754,348,336
1486,1779,2554,1754,348,336
1486,1779,2506,1707,348,336
1486,1779,2506,1707,1724,315
1418,1779,2506,1707,1724,315
1418,1728,2639,4363,1724,315
1418,1728,2639,4363,1413,295
1143,1410,2050,4363,1413,295
1143,1410,2050,2728,1696,297
1143,1410,2050,2728,1696,297
1079,1338,1616,2728,1696,297
1079,1338,1616,2356,4270,297
1079,1338,1616,2356,4270,305
641,1262,1616,2356,4270,305
641,1262,1526,2481,4239,305
641,1262,1526,2481,4239,318
580,969,1526,2481,4239,318
580,969,6000,2234,3204,684
527,969,6000,2234,3204,684
527,907,1142,1814,3204,684
527,907,1142,1814,2211,379
477,907,1142,1814,2211,379
477,851,1083,1814,2211,379
477,851,1083,1767,2173,697
477,851,1083,1767,2173,697
445,811,1059,1767,2173,697
445,811,1059,2064,3109,697
445,811,1059,2064,3109,695
747,969,1679,2106,4078,695
747,969,1679,2106,4078,684
698,910,1679,2106,4078,684
698,910,1711,2036,4078,684
698,910,1711,2036,2638,406
851,910,1711,2036,2638,406
851,1515,1980,3994,2638,406
851,1515,1980,3994,2614,365
852,1515,1980,3994,2614,365
852,1665,1917,3994,2614,365
852,1665,1917,2570,2882,357
916,1828,1900,2570,2882,357
916,1828,1900,2529,3577,357
916,1828,1900,2529,3577,362
1559,1788,1900,2529,3577,362
1559,1788,1851,2489,3221,362
1559,1788,1851,2489,3221,636
977,1747,1851,2489,3221,636
977,1747,1792,2452,3221,636
977,1747,1792,2452,2763,637
921,1747,1792,2452,2763,637
921,1825,2769,2409,3490,622
1271,1825,2769,2409,3490,622
1271,1694,3721,2409,3490,622
1271,1694,3721,2365,3490,610
1271,1694,3721,2365,3490,610
1615,1673,2332,2365,3490,610
1615,1673,2332,2626,508,610
1615,1673,2332,2626,508,4271
1861,2627,2332,2626,508,4271
1861,2627,2277,3402,474,4271
1861,2627,2277,3402,474,6000
1535,3585,2231,3343,474,6000
1535,3585,2231,3343,447,2822
1488,3585,2231,3343,447,2822
1488,3540,2189,3301,447,2822
1488,3540,2189,3301,427,556
1458,3540,2189,3301,427,556
1458,3507,2153,3301,427,556
1458,3507,2153,3266,1238,537
1458,3507,2153,3266,1238,537
1421,2718,2106,3266,1238,537
1421,2718,2106,2766,1211,537
1403,2675,2106,2766,1211,514
1403,2675,2061,2703,1199,514
1403,2675,2061,2703,1199,397
1360,2631,2061,2703,1199,397
1360,2631,2015,2658,1199,397
1360,2631,2015,2658,3296,373
1311,2631,2015,2658,3296,373
1311,2589,1969,2611,3296,373
1311,2589,1969,2611,3244,369
1260,2589,1969,2611,3244,369
1260,2548,1923,2553,3220,369
1260,2548,1923,2553,3220,369
1208,2511,1879,2553,3220,369
1208,2511,1879,2469,3180,369
1208,2511,1879,2469,3180,373
1165,3182,1879,2469,3180,373
1165,3182,1832,2428,3133,373
1165,3182,1832,2428,3133,2311
1124,3136,1832,2428,3133,2311
1124,3136,1787,2395,3133,2311
1124,3136,1787,2395,3106,2450
1087,3088,1739,2418,3106,2450
1087,3088,1739,2418,3081,2647
2329,3088,1739,2418,3081,2647
2329,2963,1699,2418,3081,2647
2329,2963,1699,2877,1019,385
2329,2963,1699,2877,1019,385
2988,1647,2828,2877,1019,385
2988,1647,2828,3004,983,385
2988,1647,2828,3004,983,372
1626,1902,2828,3004,983,372
1626,1902,2784,2628,961,372
1564,1865,2784,2628,961,363
1564,1865,2740,2583,961,363
1564,1865,2740,2583,919,360
1518,1865,2740,2583,919,360
1518,1821,2696,2550,919,360
1518,1821,2696,2550,882,361
1473,1821,2696,2550,882,361
1473,1779,2648,2550,882,361
1473,1779,2648,2513,844,374
1473,1779,2648,2513,844,374
1430,1739,2603,2480,805,374
1430,1739,2603,2480,805,607
1388,1699,2603,2480,805,607
1388,1699,2557,2463,769,607
1388,1699,2557,2463,769,589
1344,1961,2557,2463,769,589
1344,1961,2611,2397,769,589
1344,1961,2611,2397,738,585
1304,1961,2611,2397,738,585
1304,2271,2571,2352,738,585
1304,2271,2571,2352,703,588
1268,2400,2529,2352,703,588
1268,2400,2529,2314,669,580
1268,2400,2529,2314,669,580
1231,2363,2486,2314,669,580
1231,2363,2486,2276,639,580
1231,2363,2486,2276,639,574
1199,2317,2486,2276,639,574
1199,2317,2458,2251,613,574
1199,2317,2458,2251,613,566
1173,2270,2458,2251,613,566
1173,2270,2419,2208,613,566
1395,2270,2419,2208,597,558
1395,2225,2384,2164,597,558
1395,2225,2384,2164,2061,553
1355,2225,2384,2164,2061,553
1355,2178,2320,2164,2061,553
1355,2178,2320,2126,2030,550
1355,2178,2320,2126,2030,550
1316,2132,2286,2126,2030,550
1316,2132,2286,2092,1998,550
1316,2132,2286,2092,1998,554
1278,2086,2286,2092,1998,554
1278,2086,2258,2054,1962,544
1240,2038,2258,2054,1962,544
1240,2038,2207,2017,1962,544
1240,2038,2207,2017,1930,533
1206,2038,2207,2017,1930,533
1206,1992,2179,1981,1930,533
1206,1992,2179,1981,1899,503
1177,1992,2179,1981,1899,503
1177,1946,2136,1981,1899,503
1177,1946,2136,1942,1867,463
1369,1900,2104,1942,1867,463
1369,1900,2104,1908,1836,463
1369,1900,2104,1908,1836,450
1333,1855,2104,1908,1836,450
1333,1855,2046,1881,1804,450
1333,1855,2046,1881,1804,436
1401,1809,2046,1881,1804,436
1401,1809,2002,1849,1804,436
1401,1809,2002,1849,442,426
1437,1809,2002,1849,442,426
1437,1765,1957,1860,442,426
1440,1765,1957,1860,430,418
1440,1717,1898,1860,430,418
1440,1717,1898,1965,1715,413
1440,1717,1898,1965,1715,413
1180,1671,1812,1965,1715,413
1180,1671,1812,1800,1702,413
1180,1671,1812,1800,1702,384
1126,1625,1812,1800,1702,384
1126,1625,1733,1747,1685,384
1126,1625,1733,1747,1685,377
1096,1578,1733,1747,1685,377
1096,1578,1686,1703,1655,369
1060,1578,1686,1703,1655,369
1060,1530,1640,1659,1655,369
1060,1530,1640,1659,1627,361
1216,1530,1640,1659,1627,361
1216,1483,1593,1659,1627,361
1216,1483,1593,1618,1598,353
1216,1483,1593,1618,1598,353
1176,1437,1550,1618,1598,353
1176,1437,1550,1580,1571,353
1139,1389,1550,1580,1571,345
1139,1389,1493,1550,1543,345
1139,1389,1493,1550,1543,336
1093,1338,1493,1550,1543,336
1093,1338,1437,1485,1543,336
1093,1338,1437,1485,1523,328
1048,1338,1437,1485,1523,328
1048,1285,1382,1445,1523,328
1048,1285,1382,1445,1568,322
1004,1285,1382,1445,1568,322
1004,1235,1325,1445,1568,322
1004,1235,1325,1509,1540,321
948,1202,1249,1509,1540,321
948,1202,1249,1452,1580,321
948,1202,1249,1452,1580,321
906,2173,1249,1452,1580,321
906,2173,1114,1292,1547,321
906,2173,1114,1292,1547,324
851,2106,1114,1292,1547,324
851,2106,1050,1233,1547,324
851,2106,1050,1233,1478,331
797,2106,1050,1233,1478,331
797,922,992,1134,1436,341
754,922,992,1134,1436,341
754,841,936,1134,1436,341
754,841,936,1043,1265,357
754,841,936,1043,1265,357
713,784,888,1043,1265,357
713,784,888,991,1220,357
713,784,888,991,1220,378
649,731,888,991,1220,378
649,731,843,945,1174,378
606,684,843,945,1174,622
606,684,798,904,1174,622
606,684,798,904,1024,632
567,684,798,904,1024,632
567,641,751,864,1024,632
567,641,751,864,1124,633
564,641,751,864,1124,633
564,1767,697,864,1124,633
564,1767,697,826,1098,625
564,1767,697,826,1098,625
552,751,652,826,1098,625
552,751,652,889,1221,613
531,595,652,889,1221,613
531,595,719,1001,1373,613
531,595,719,1001,1373,437
661,545,719,1001,1373,437
661,545,794,972,1373,437
661,545,794,972,6000,409
498,545,794,972,6000,409
498,616,738,1083,6000,409
498,616,738,1083,6000,602
447,616,738,1083,6000,602
447,563,684,1035,6000,612
447,563,684,1035,6000,612
398,508,637,1035,6000,612
398,508,637,994,6000,612
398,508,637,994,6000,579
454,568,637,994,6000,579
454,568,733,4876,535,579
454,568,733,4876,535,586
392,502,733,4876,535,586
392,502,853,6000,535,586
448,502,853,6000,1809,569
448,605,940,6000,1809,569
448,605,940,6000,1233,551
390,605,940,6000,1233,551
390,731,3916,6000,1233,551
390,731,3916,1747,407,434
390,731,3916,1747,407,434
510,693,4324,1747,407,434
510,693,4324,1701,384,434
510,693,4324,1701,384,421
485,803,4324,1701,384,421
485,803,4858,1668,362,1422
446,767,4858,1668,362,1422
446,767,6000,1624,362,1422
446,767,6000,1624,358,472
401,767,6000,1624,358,472
401,709,4334,1574,358,472
401,709,4334,1574,346,468
507,709,4334,1574,346,468
507,640,6000,1574,346,468
507,640,6000,1518,4910,303
507,640,6000,1518,4910,303
441,568,6000,1458,4910,303
441,568,6000,1458,4910,263
380,498,6000,1458,4910,263
380,498,6000,1409,4910,263
380,498,6000,1409,4910,259
321,431,6000,1409,4910,259
321,431,6000,1347,4910,259
321,431,6000,1347,4910,260
393,431,6000,1347,4910,260
393,3385,6000,1272,4910,260
393,3385,6000,1272,2512,258
1520,6000,3141,1272,2512,258
1520,6000,3141,1212,2446,254
1520,6000,3141,1212,2446,254
3297,6000,1144,1212,2446,254
3297,6000,1144,4091,1513,254
3297,6000,1144,4091,1513,484
3269,6000,1144,4091,1513,484
3269,6000,1074,1087,2317,484
3269,6000,1074,1087,2317,468
3245,4254,1074,1087,2317,468
3245,4254,2918,1004,1706,465
3173,4254,2918,1004,1706,465
3173,4062,2871,956,1706,465
3173,4062,2871,956,2301,461
3117,4062,2871,956,2301,461
3117,6000,2826,956,2301,461
3117,6000,2826,915,1664,458
3117,6000,2826,915,1664,458
3068,6000,2777,915,1664,458
3068,6000,2777,872,2261,458
3068,6000,2777,872,2261,453
2988,6000,2731,831,598,453
2988,6000,2731,831,598,448
2925,6000,2731,831,598,448
2925,6000,2685,789,598,448
2925,6000,2685,789,566,443
2892,6000,2685,789,566,443
2892,6000,2636,748,566,443
2892,6000,2636,748,537,437
2847,6000,2636,748,537,437
2847,4896,2590,748,537,437
2847,4896,2590,707,2181,431
2832,4861,2545,707,2181,431
2832,4861,2545,667,2728,431
2832,4861,2545,667,2728,426
2836,4816,2545,667,2728,426
2836,4816,2499,628,2350,426
2836,4816,2499,628,2350,419
4017,4771,2499,628,2350,419
4017,4771,2453,589,2350,419
4017,4771,2453,589,1498,412
3409,4771,2453,589,1498,412
3409,4729,2407,551,607,406
3353,4729,2407,551,607,406
3353,6000,2362,551,607,406
3353,6000,2362,518,563,399
3353,6000,2362,518,563,399
3316,4633,2316,518,563,399
3316,4633,2316,2580,508,399
3316,4633,2316,2580,508,394
3281,4281,2316,2580,508,394
3281,4281,2265,2460,431,394
3281,4281,2265,2460,431,403
3246,4226,2221,2407,431,403
3246,4226,2221,2407,398,417
3175,4226,2221,2407,398,417
3175,3377,2189,2285,398,417
3175,3377,2189,2285,368,417
2963,3377,2189,2285,368,417
2963,3313,4252,2285,368,417
2963,3313,4252,2130,962,425
2963,3313,4252,2130,962,425
2638,3288,4120,2130,962,425
2638,3288,4120,2077,2307,425
2081,3044,4120,2077,2307,338
2081,3044,3215,2681,2165,338
2081,3044,3215,2681,2165,339
2058,3006,3215,2681,2165,339
2058,3006,3163,2721,2165,339
2058,3006,3163,2721,2078,353
1930,3006,3163,2721,2078,353
1930,2958,3109,2715,2078,353
1930,2958,3109,2715,2067,976
1783,2958,3109,2715,2067,976
1783,2890,3055,4124,2016,908
1783,2890,3055,4124,2016,908
2001,2856,3010,4124,2016,908
2001,2856,3010,2610,2001,908
2001,2856,3010,2610,2001,936
2379,2960,3010,2610,2001,936
2379,2960,6000,1829,2203,936
2379,2960,6000,1829,2203,6000
2821,2920,6000,1829,2203,6000
2821,2920,2501,1946,2203,6000
2821,2920,2501,1946,926,374
2874,3992,1748,2146,926,374
2874,3992,1748,2146,924,361
2862,3992,1748,2146,924,361
2862,2410,1787,2146,924,361
2862,2410,1787,2604,995,364
2862,2410,1787,2604,995,364
3688,1726,1908,2604,995,364
3688,1726,1908,1077,1142,364
3688,1726,1908,1077,1142,346
6000,1657,1908,1077,1142,346
6000,1657,1872,1080,6000,346
6000,1608,1872,1080,6000,337
6000,1608,1835,1109,6000,337
6000,1608,1835,1109,6000,337
3862,1608,1835,1109,6000,337
3862,1565,1808,1114,6000,337
3862,1565,1808,1114,6000,352
3789,1565,1808,1114,6000,352
3789,1827,1645,1114,6000,352
3789,1827,1645,1080,6000,3506
3789,1827,1645,1080,6000,3506
3472,1938,1561,1047,6000,3506
3472,1938,1561,1047,6000,4411
3723,1421,1561,1047,6000,4411
3723,1421,976,2468,1005,4411
3723,1421,976,2468,1005,4449
3536,1338,976,2468,1005,4449
3536,1338,887,6000,1005,4449
3536,1338,887,6000,4877,1212
1298,1338,887,6000,4877,1212
1298,850,2535,4833,4877,1212
1298,850,2535,4833,932,372
1318,848,4907,4833,932,372
1318,848,4907,6000,6000,358
1318,848,4907,6000,6000,358
748,2477,4745,6000,6000,358
748,2477,4745,6000,6000,358
748,2477,4745,6000,6000,351
727,4609,4745,6000,6000,351
727,4609,4698,6000,6000,351
727,4609,4698,6000,6000,336
710,4601,4698,6000,6000,336
710,4601,3855,6000,6000,336
679,4601,3855,6000,6000,334
679,4605,3860,6000,6000,334
679,4605,3860,6000,6000,341
640,4605,3860,6000,6000,341
640,4592,3893,6000,6000,341
640,4592,3893,6000,6000,652
640,4592,3893,6000,6000,652
631,4102,4497,6000,6000,652
631,4102,4497,6000,6000,652
631,4102,4497,6000,6000,1995
636,4607,4497,6000,6000,1995
636,4607,4441,6000,6000,659
1498,4510,4441,6000,6000,659
1498,4510,4400,6000,6000,659
1498,4510,4400,6000,6000,631
3467,4510,4400,6000,6000,631
3467,4340,4837,1196,6000,631
3467,4340,4837,1196,2859,384
4411,4340,4837,1196,2859,384
4411,6000,6000,1196,2859,384
4411,6000,6000,4741,624,373
4251,4749,1021,4741,624,373
4251,4749,1021,3083,616,373
4251,4749,1021,3083,616,369
4205,4714,1021,3083,616,369
4205,4714,1024,3014,1914,369
4205,4714,1024,3014,1914,372
4167,4652,1024,3014,1914,372
4167,4652,1023,3003,1914,372
4167,4652,1023,3003,1898,564
4122,4652,1023,3003,1898,564
4122,4623,1022,2942,1898,564
4083,4623,1022,2942,561,567
4083,4584,1036,2942,561,567
4083,4584,1036,3428,531,553
4083,4584,1036,3428,531,553
4043,4538,1029,3428,531,553
4043,4538,1029,3405,506,553
4043,4538,1029,3405,506,578
4005,4509,1029,3405,506,578
4005,4509,1044,2821,2439,578
4005,4509,1044,2821,2439,584
3966,4444,1044,2821,2439,584
3966,4444,1047,2776,456,597
3930,4444,1047,2776,456,597
3930,4499,1050,2668,456,597
3930,4499,1050,2668,421,624
3895,4499,1050,2668,421,624
3895,4466,1049,2668,421,624
3895,4466,1049,2734,406,4098
3895,4466,1049,2734,406,4098
3845,4307,1058,2734,406,4098
3845,4307,1058,3432,397,4098
3813,4872,1058,3432,397,399
3813,4872,3445,6000,2441,399
3813,4872,3445,6000,2441,380
3988,4184,3445,6000,2441,380
3988,4184,3473,4873,2441,380
3988,4184,3473,4873,2600,359
3950,4184,3473,4873,2600,359
3950,3710,3474,4608,2600,359
3950,3710,3474,4608,447,354
3884,3710,3474,4608,447,354
3884,3664,3490,4608,447,354
3884,3664,3490,4873,3546,348
3994,3627,3505,4873,3546,348
3994,3627,3505,4428,467,348
3994,3627,3505,4428,467,348
3975,3591,3505,4428,467,348
3975,3591,3153,4439,4021,348
3975,3591,3153,4439,4021,349
3935,3940,3153,4439,4021,349
3935,3940,3137,4910,4021,349
3935,3940,3137,4910,3985,353
3969,3940,3137,4910,3985,353
3969,3520,3143,4076,3956,356
3928,3520,3143,4076,3956,356
3928,820,3151,4076,3956,356
3928,820,3151,3877,3929,359
3928,820,3151,3877,3929,359
3896,817,3159,3877,3929,359
3896,817,3159,3811,3905,359
3896,817,3159,3811,3905,364
3866,827,3159,3811,3905,364
3866,827,3136,3814,3882,364
3824,3308,3136,3814,3882,364
3824,3308,3194,3718,3882,364
3824,3308,3194,3718,3874,380
3804,3308,3194,3718,3874,380
3804,3225,3204,3023,3874,380
3804,3225,3204,3023,3875,382
3607,3225,3204,3023,3875,382
3607,2709,3223,3023,3875,382
3607,2709,3223,3643,3845,383
3607,2709,3223,3643,3845,383
855,2509,3242,3643,3845,383
855,2509,3242,2980,3828,383
2590,2641,3242,2980,3828,383
2590,2641,3247,3574,3807,383
2590,2641,3247,3574,3807,384
2531,3031,3247,3574,3807,384
2531,3031,3279,3588,3807,384
2531,3031,3279,3588,3795,384
2516,3031,3279,3588,3795,384
2516,2985,3299,3522,3795,384
2516,2985,3299,3522,3200,385
2560,2985,3299,3522,3200,385
2560,2936,3334,3453,3726,385
2560,2936,3334,3453,3726,385
3175,1724,4005,3453,3726,385
3175,1724,4005,3372,1972,385
3175,1724,4005,3372,1972,384
1206,2842,4005,3372,1972,384
1206,2842,3957,2900,2145,384
1206,2842,3957,2900,2145,383
3064,2796,3957,2900,2145,383
3064,2796,3916,2854,2145,383
3129,2796,3916,2854,4429,382
3129,2750,3879,1962,4429,382
3129,2750,3879,1962,4468,381
2960,2750,3879,1962,4468,381
2960,2704,3831,1962,4468,381
2960,2704,3831,1927,4482,379
2960,2704,3831,1927,4482,379
2892,2658,1657,1927,4482,379
2892,2658,1657,1944,4320,379
2892,2658,1657,1944,4320,377
3068,2612,1657,1944,4320,377
3068,2612,1666,1947,3384,375
3048,2566,1666,1947,3384,375
3048,2566,4910,1953,3384,375
3048,2566,4910,1953,3850,373
2995,2566,4910,1953,3850,373
2995,2521,4910,1967,3850,373
2995,2521,4910,1967,405,371
2825,2521,4910,1967,405,371
2825,2477,4910,1967,405,371
2825,2477,4910,2581,500,370
2825,2477,4910,2581,500,370
2911,2430,4910,2910,2538,370
2911,2430,4910,2910,2538,375
2757,2386,4910,2910,2538,375
2757,2386,3230,2863,2493,375
2757,2386,3230,2863,2493,382
2746,2344,3230,2863,2493,382
2746,2344,2782,2820,2493,382
2746,2344,2782,2820,2460,388
2709,2344,2782,2820,2460,388
2709,2297,3111,2775,2460,388
2709,2297,3111,2775,2430,392
2718,2249,3078,2775,2430,392
2718,2249,3078,2436,2399,396
2718,2249,3078,2436,2399,396
2569,2202,3039,2436,2399,396
2569,2202,3039,2376,2368,396
2569,2202,3039,2376,2368,400
2526,2152,3039,2376,2368,400
2526,2152,3487,2327,2338,400
2526,2152,3487,2327,2338,404
2454,2102,3487,2327,2338,404
2454,2102,3452,2278,2307,881
2435,2102,3452,2278,2307,881
2435,2055,4910,2232,2307,881
2435,2055,4910,2232,2277,1000
2215,2055,4910,2232,2277,1000
2215,2007,4910,2232,2277,1000
2215,2007,4910,2536,2247,888
2215,2007,4910,2536,2247,888
2563,2369,2150,2536,2247,888
2563,2369,2150,2218,2256,888
2563,2369,2150,2218,2256,431
1920,4910,2451,2173,2547,431
1920,4910,2451,2173,2547,411
2314,2392,2451,2173,2547,411
2314,2392,2133,2183,2547,411
2314,2392,2133,2183,958,434
2092,2392,2133,2183,958,434
2092,2352,2080,2150,958,434
2092,2352,2080,2150,928,398
2119,2352,2080,2150,928,398
2119,2306,2033,2150,928,398
2119,2306,2033,2108,911,414
1907,2260,1985,2108,911,414
1907,2260,1985,2062,861,414
1907,2260,1985,2062,861,941
1902,2215,1985,2062,861,941
1902,2215,1936,2019,819,941
1902,2215,1936,2019,819,921
1777,2173,1936,2019,819,921
1777,2173,1893,2281,819,921
1777,2173,1893,2281,788,912
2100,2173,1893,2281,788,912
2100,2208,1858,2228,755,2479
1976,2208,1858,2228,755,2479
1976,1802,1887,2228,755,2479
1976,1802,1887,2257,722,2488
1976,1802,1887,2257,722,2488
1954,1740,1904,2257,722,2488
1954,1740,1904,2842,689,2488
1954,1740,1904,2842,689,2486
2006,1694,1904,2842,689,2486
2006,1694,1899,2806,656,2486
2006,1694,1899,2806,656,2484
1972,1649,1817,2771,656,2484
1972,1649,1817,2771,624,2481
1943,1649,1817,2771,624,2481
1943,1605,1714,2721,624,2481
1943,1605,1714,2721,593,2479
1920,1605,1714,2721,593,2479
1920,1561,1656,2721,593,2479
1920,1561,1656,2415,563,723
1920,1561,1656,2415,563,723
1908,1516,1613,2415,563,723
1908,1516,1613,2637,536,723
1885,1473,1613,2637,536,635
1885,1473,1575,2391,511,635
1885,1473,1575,2391,511,622
1880,1428,1575,2391,511,622
1880,1428,1536,2341,511,622
1880,1428,1536,2341,494,620
1880,1428,1536,2341,494,620
1880,1395,1590,2293,494,620
1880,1395,1590,2293,2051,622
1898,1395,1590,2293,2051,622
1898,1350,1549,2243,489,636
1898,1350,1549,2243,489,636
1889,1331,1713,2243,489,636
1889,1331,1713,2452,2056,636
1889,1331,1713,2452,2056,624
1259,1560,1713,2452,2056,624
1259,1560,1685,2412,2014,624
1259,1560,1685,2412,2014,622
1209,1282,1685,2412,2014,622
1209,1282,1624,3084,2014,622
1209,1282,1624,3084,1952,614
1182,1357,2046,3557,1952,614
1182,1357,2046,3557,356,602
1195,1357,2046,3557,356,602
1195,1519,2273,3557,356,602
1195,1519,2273,2626,318,593
1195,1519,2273,2626,318,593
1137,1464,2931,2626,318,593
1137,1464,2931,2445,290,593
1137,1464,2931,2445,290,583
1088,1419,2931,2445,290,583
1088,1419,2171,2572,2038,583
1069,1428,2171,2572,2038,298
1069,1428,1455,2837,2038,298
1069,1428,1455,2837,2361,268
1006,1428,1455,2837,2361,268
1006,989,1341,2067,2361,268
1006,989,1341,2067,3188,1986
952,989,1341,2067,3188,1986
952,949,1289,2067,3188,1986
952,949,1289,1733,2746,2071
952,949,1289,1733,2746,2071
893,1160,970,1189,2692,2071
893,1160,970,1189,2692,2085
834,804,970,1189,2692,2085
834,804,1157,1619,3043,2085
834,804,1157,1619,3043,2176
891,749,1157,1619,3043,2176
891,749,1094,2172,3043,2176
891,749,1094,2172,6000,747
699,749,1094,2172,6000,747
699,1055,1532,3073,6000,747
699,1055,1532,3073,2308,715
1009,967,2501,3073,2308,715
1009,967,2501,4897,1958,381
1009,967,2501,4897,1958,381
953,1725,3177,4897,1958,381
953,1725,3177,1935,2107,381
953,1725,3177,1935,2107,369
906,2424,3177,1935,2107,369
906,2424,4823,1881,663,369
906,2424,4823,1881,663,361
1637,2390,4823,1881,663,361
1637,2390,4774,1837,663,361
1593,2390,4774,1837,637,360
1593,2353,4728,1792,637,360
1593,2353,4728,1792,613,362
1551,2353,4728,1792,613,362
1551,2312,4683,1792,613,362
1551,2312,4683,1747,588,644
1551,2312,4683,1747,588,644
1510,2275,4635,1747,588,644
1510,2275,4635,1706,563,644
1510,2275,4635,1706,563,634
1470,2583,4635,1706,563,634
1470,2583,4591,1666,538,625
1432,2554,4591,1666,538,625
1432,2554,4547,1627,538,625
1432,2554,4547,1627,514,654
1392,2554,4547,1627,514,654
1392,2512,4500,1587,514,654
1392,2512,4500,1587,488,637
1358,2512,4500,1587,488,637
1358,2479,4456,1587,488,637
1358,2479,4456,1547,462,644
1323,2624,4409,1547,462,644
1323,2624,4409,550,435,644
1323,2624,4409,550,435,688
1290,2541,4409,550,435,688
1290,2541,4364,498,410,688
1290,2541,4364,498,410,689
1241,2311,4364,498,410,689
1241,2311,4321,2856,410,689
1241,2311,4321,2856,401,2085
1191,2311,4321,2856,401,2085
1191,1532,2294,2829,401,2085
1148,1532,2294,2829,401,383
1148,1480,2421,2829,401,383
1148,1480,2421,4212,2769,372
1148,1480,2421,4212,2769,372
864,1110,1792,4212,2769,372
864,1110,1792,2193,2739,372
864,1110,1792,2193,2739,356
815,1048,1792,2193,2739,356
815,1048,1738,2133,2719,356
815,1048,1738,2133,2719,355
776,1002,1691,2082,2719,355
776,1002,1691,2082,2701,359
733,1002,1691,2082,2701,359
733,952,1627,2040,2701,359
733,952,1627,2040,2702,1539
692,952,1627,2040,2702,1539
692,907,1238,2040,2702,1539
692,907,1238,2002,4036,1530
692,907,1238,2002,4036,1530
669,863,1533,2002,4036,1530
669,863,1533,1957,2618,1530
821,1668,1533,1957,2618,1519
821,1668,2020,3213,2581,1519
821,1668,2020,3213,2581,3039
790,1478,2020,3213,2581,3039
790,1478,1879,2548,2581,3039
790,1478,1879,2548,3564,369
1022,1478,1879,2548,3564,369
1022,1862,3877,2508,3564,369
1022,1862,3877,2508,1452,403
1739,1862,3877,2508,1452,403
1739,1817,2464,2508,1452,403
1739,1817,2464,2772,1420,2239
1856,3020,2416,2772,1420,2239
1856,3020,2416,3369,1391,2239
1856,3020,2416,3369,1391,339
1856,2722,2416,3369,1391,339
1856,2722,2368,3438,1360,339
1856,2722,2368,3438,1360,327
1665,2980,2368,3438,1360,327
1665,2980,2319,3402,1360,327
1665,2980,2319,3402,1330,325
1605,2980,2319,3402,1330,325
1605,3642,2271,3355,1288,4265
1550,3642,2271,3355,1288,4265
1550,2859,2212,3355,1288,4265
1550,2859,2212,3303,1246,4194
1550,2859,2212,3303,1246,4194
1497,2806,2158,3303,1246,4194
1497,2806,2158,3253,1212,4194
1497,2806,2158,3253,1212,4217
1455,3482,2158,3253,1212,4217
1455,3482,2140,3275,1209,4217
2440,2059,2140,3275,1209,399
2440,2059,3159,1134,1209,399
2440,2059,3159,1134,2567,360
2026,2059,3159,1134,2567,360
2026,2329,3197,1114,2567,360
2026,2329,3197,1114,4070,350
1974,2329,3197,1114,4070,350
1974,2918,1063,1114,4070,350
1974,2918,1063,2504,4042,343
1974,2918,1063,2504,4042,343
1932,2889,1025,2504,4042,343
1932,2889,1025,2466,4004,339
1886,2791,1025,2466,4004,339
1886,2791,3058,957,2442,339
1886,2791,3058,957,2442,337
1839,2466,3058,957,2442,337
1839,2466,2995,900,2442,337
1839,2466,2995,900,2379,335
1792,2466,2995,900,2379,335
1792,2409,2926,850,2379,335
1792,2409,2926,850,2334,337
1744,2409,2926,850,2334,337
1744,2030,2821,801,2296,339
1744,2030,2821,801,2296,339
1697,1974,2754,801,2296,339
1697,1974,2754,757,2261,339
1697,1974,2754,757,2261,344
1648,1919,2754,757,2261,344
1648,1919,2696,737,2228,344
1648,1919,2696,737,2228,351
1602,1864,2696,737,2228,351
1602,1864,2641,2753,2228,351
1555,1864,2641,2753,679,358
1555,1815,2589,2688,679,358
1555,1815,2589,2688,637,367
1509,1815,2589,2688,637,367
1509,1767,2540,2688,637,367
1509,1767,2540,2634,596,374
1509,1767,2540,2634,596,374
1465,1722,2495,2634,596,374
1465,1722,2495,2586,563,374
1465,1722,2495,2586,563,379
1418,1678,2495,2586,563,379
1418,1678,2448,2545,535,385
1375,1635,2448,2545,535,385
1375,1635,2401,2501,535,385
1375,1635,2401,2501,517,390
1331,1635,2401,2501,517,390
1331,1590,2355,2453,517,390
1331,1590,2355,2453,2030,396
1286,1590,2355,2453,2030,396
1286,1545,2309,2453,2030,396
1286,1545,2309,2412,2006,400
1286,1545,2309,2412,2006,400
1245,1502,2263,2369,2069,400
1245,1502,2263,2369,2069,405
1204,1462,2263,2369,2069,405
1204,1462,2217,2329,2046,405
1204,1462,2217,2329,2046,409
1164,1426,2217,2329,2046,409
1164,1426,2174,2292,2046,409
1164,1426,2174,2292,2017,412
1123,1426,2174,2292,2017,412
1123,1618,2126,2247,2017,412
1123,1618,2126,2247,1987,404
1084,1613,2081,2247,1987,404
1084,1613,2081,2243,1959,393
1084,1613,2081,2243,1959,393
1045,1591,2034,2243,1959,393
1045,1591,2034,2221,1932,393
1045,1591,2034,2221,1932,395
1011,1550,2034,2221,1932,395
1011,1550,1987,2181,1903,395
1011,1550,1987,2181,1903,396
976,1614,1987,2181,1903,396
976,1614,1941,2144,1876,397
949,1614,1941,2144,1876,397
949,1626,1895,2112,1876,397
949,1626,1895,2112,1849,398
1110,1626,1895,2112,1849,398
1110,1563,1848,2112,1849,398
1110,1563,1848,2082,1822,398
1110,1563,1848,2082,1822,398
1068,1624,1802,2082,1822,398
1068,1624,1802,2055,1798,398
1068,1624,1802,2055,1798,398
1028,1601,1755,2015,1772,398
1028,1601,1755,2015,1772,398
988,1555,1755,2015,1772,398
988,1555,1709,1974,1772,398
988,1555,1709,1974,1747,397
947,1555,1709,1974,1747,397
947,1509,1662,1931,1747,397
947,1509,1662,1931,1730,396
909,1509,1662,1931,1730,396
909,1464,1617,1931,1730,396
909,1464,1617,1887,1716,394
874,1416,1570,1887,1716,394
874,1416,1570,1837,1729,394
874,1416,1570,1837,1729,393
840,1381,1570,1837,1729,393
840,1381,1526,1800,1762,393
840,1381,1526,1800,1762,390
827,1579,1526,1800,1762,390
827,1579,1484,1755,1762,390
827,1579,1484,1755,1689,388
942,1579,1484,1755,1689,388
942,1578,1436,1716,3245,386
939,1578,1436,1716,3245,386
939,1558,1396,1716,3245,386
939,1558,1396,1671,1744,383
939,1558,1396,1671,1744,383
880,1498,1353,1671,1744,383
880,1498,1353,1628,1695,383
880,1498,1353,1628,1695,380
999,1443,1353,1628,1695,380
999,1443,1310,1585,1668,380
999,1443,1310,1585,1668,377
982,1390,1277,1542,1668,377
982,1390,1277,1542,1618,373
941,1390,1277,1542,1618,373
941,1308,1282,1498,1618,373
941,1308,1282,1498,1601,369
908,1308,1282,1498,1601,369
908,1237,1251,1498,1601,369
908,1237,1251,1456,1580,365
908,1237,1251,1456,1580,365
888,1113,1205,1456,1580,365
888,1113,1205,1414,1552,365
912,1062,1205,1414,1552,361
912,1062,1158,1372,1478,361
912,1062,1158,1372,1478,356
879,1015,1158,1372,1478,356
879,1015,1112,1329,1478,356
879,1015,1112,1329,1595,351
847,1015,1112,1329,1595,351
847,966,1063,1284,1595,351
847,966,1063,1284,1524,346
800,966,1063,1284,1524,346
800,917,1015,1130,1522,343
800,917,1015,1130,1522,343
757,872,966,1130,1522,343
757,872,966,1067,1445,343
757,872,966,1067,1445,340
712,842,966,1067,1445,340
712,842,831,1014,1308,340
712,842,831,1014,1308,339
666,1802,831,1014,1308,339
666,1802,755,962,1308,339
666,1802,755,962,1261,584
619,1747,694,915,1261,584
619,1747,694,915,1221,583
573,1747,694,915,1221,583
573,612,641,915,1221,583
573,612,641,870,1032,585
573,612,641,870,1032,585
530,565,595,870,1032,585
530,565,595,828,1024,585
530,565,595,828,1024,585
489,596,595,828,1024,585
489,596,664,784,1121,585
448,495,664,784,1121,584
448,495,614,736,1121,584
448,495,614,736,1086,581
434,495,614,736,1086,581
434,436,553,850,1086,581
434,436,553,850,1183,575
410,436,553,850,1183,575
410,489,621,850,1183,575
410,489,621,790,4246,565
410,489,621,790,4246,565
318,427,554,924,3114,565
318,427,554,924,3114,553
393,372,554,924,3114,553
393,372,514,885,6000,553
393,372,514,885,6000,558
301,421,514,885,6000,558
301,421,602,3030,6000,558
301,421,602,3030,1831,616
379,421,602,3030,1831,616
379,530,732,2954,1831,616
379,530,732,2954,523,621
291,658,3879,2954,523,621
291,658,3879,1734,1212,569
291,658,3879,1734,1212,569
395,734,2815,1734,1212,569
395,734,2815,1661,400,569
395,734,2815,1661,400,505
520,6000,2815,1661,400,505
520,6000,3596,1616,350,505
520,6000,3596,1616,350,495
610,2661,3596,1616,350,495
610,2661,1526,4910,350,495
548,2661,1526,4910,302,485
548,2590,1461,4910,302,485
548,2590,1461,4910,1038,481
488,2590,1461,4910,1038,481
488,2551,6000,4910,1038,481
488,2551,6000,1394,2560,260
488,2551,6000,1394,2560,260
467,3586,6000,1394,2560,260
467,3586,6000,1343,4910,260
467,3586,6000,1343,4910,245
394,3502,6000,1343,4910,245
394,3502,6000,1283,6000,249
307,4910,6000,1283,6000,249
307,4910,6000,1214,6000,249
307,4910,6000,1214,2489,303
1461,4910,6000,1214,2489,303
1461,2268,3168,1148,2489,303
1461,2268,3168,1148,2414,313
3327,2268,3168,1148,2414,313
3327,2181,1084,1148,2414,313
3327,2181,1084,4910,1475,474
3184,6000,1003,4910,1475,474
3184,6000,1003,1747,1431,474
3184,6000,1003,1747,1431,477
2145,6000,1003,1747,1431,477
2145,6000,948,976,2236,477
2145,6000,948,976,2236,479
2103,6000,948,976,2236,479
2103,6000,918,926,2236,479
2103,6000,918,926,1615,458
3032,6000,918,926,1615,458
3032,6000,2793,883,1615,458
2041,6000,2793,883,2208,451
2041,6000,2740,883,2208,451
2041,6000,2740,833,1556,884
2041,6000,2740,833,1556,884
2909,1932,2705,833,1556,884
2909,1932,2705,791,1521,884
2909,1932,2705,791,1521,425
1925,4872,2705,791,1521,425
1925,4872,728,1501,404,425
1925,4872,728,1501,404,404
1851,1749,673,452,404,404
1851,1749,673,452,372,1457
6000,1749,673,452,372,1457
6000,1725,625,444,372,1457
6000,1725,625,444,354,1452
4516,1725,625,444,354,1452
4516,1686,571,444,354,1452
4516,1686,571,1433,359,336
4516,1686,571,1433,359,336
3666,4671,2502,1433,359,336
3666,4671,2502,544,2046,336
3464,4441,2502,544,2046,354
3464,4441,2392,487,527,354
3464,4441,2392,487,527,315
3192,3566,2392,487,527,315
3192,3566,4561,2406,527,315
3192,3566,4561,2406,442,324
3025,3566,4561,2406,442,324
3025,3505,6000,2269,442,324
3025,3505,6000,2269,399,371
438,3505,6000,2269,399,371
438,3419,4255,2269,399,371
438,3419,4255,2210,2448,441
4910,3103,3390,2210,2448,441
4910,3103,3390,2206,2272,441
4910,3103,3390,2206,2272,432
6000,2987,3390,2206,2272,432
6000,2987,3339,4375,2266,432
6000,2987,3339,4375,2266,353
288,2914,3339,4375,2266,353
288,2914,3294,4329,2266,353
288,2914,3294,4329,2131,351
239,2914,3294,4329,2131,351
239,2848,3242,2850,2097,349
1979,2848,3242,2850,2097,349
1979,2984,3188,2850,2097,349
1979,2984,3188,2148,2258,344
1979,2984,3188,2148,2258,344
2402,3118,6000,2148,2258,344
2402,3118,6000,1976,2347,344
2402,3118,6000,1976,2347,338
2604,3046,6000,1976,2347,338
2604,3046,4130,1914,2296,338
2553,2992,4130,1914,2296,341
2553,2992,4083,1843,2296,341
2553,2992,4083,1843,2196,6000
2442,2992,4083,1843,2196,6000
2442,2941,6000,1794,2196,6000
2442,2941,6000,1794,2102,6000
2313,2941,6000,1794,2102,6000
2313,2895,4049,1794,2102,6000
2313,2895,4049,1760,2037,6000
2313,2895,4049,1760,2037,6000
2234,2877,3990,1760,2037,6000
2234,2877,3990,1755,2033,6000
2234,2877,3990,1755,2033,6000
2234,2877,3982,1756,2029,6000
2234,2877,3982,1756,2029,6000
2233,2877,3982,1756,2029,6000
2233,2877,3986,1756,2029,6000
2233,2877,3986,1756,2022,6000
2233,2877,3986,1756,2022,6000
2233,2877,3993,1756,2022,6000
2233,2877,3993,1756,2033,6000
2231,2877,3993,1756,2033,6000
2231,2877,3986,1756,2037,6000
2231,2877,3986,1756,2037,6000
2230,2877,3723,1756,2037,6000
2230,2877,3723,1756,2001,6000
2230,2877,3723,1756,2001,6000
2230,2877,3723,1756,2001,6000
2230,2877,3975,1756,2001,6000
2230,2877,3975,1756,2001,6000
2230,2877,3975,1756,2001,6000
2230,2877,3986,1759,2001,6000
2227,2877,3986,1759,1997,6000
2227,2877,3983,1756,1997,6000
2227,2877,3983,1756,1994,3019
2231,2877,3983,1756,1994,3019
2231,2878,3986,1756,1994,3019
2231,2878,3986,1756,2020,2983
2231,2878,3986,1756,2020,2983
2232,2876,3976,1756,2020,2983
2232,2876,3976,1752,1990,2983
2232,2876,3976,1752,1990,2982
2293,2850,3976,1752,1990,2982
2293,2850,6000,1721,2073,2967
2695,2812,6000,1721,2073,2967
2695,2812,3868,1722,2073,2967
2695,2812,3868,1722,2527,2957
2768,2812,3868,1722,2527,2957
2768,6000,1642,1989,2527,2957
2768,6000,1642,1989,6000,396
3539,6000,1642,1989,6000,396
3539,1995,1718,1989,6000,396
3539,1995,1718,2462,2927,382
3539,1995,1718,2462,2927,382
3758,1546,1872,6000,2880,382
3758,1546,1872,6000,2880,374
3675,1496,1872,6000,2880,374
3675,1496,1831,6000,2855,374
3675,1496,1831,6000,2855,373
3025,1450,1831,6000,2855,373
3025,1450,1784,6000,2855,373
3025,1450,1784,6000,2890,376
2909,1450,1784,6000,2890,376
2909,1407,1734,6000,2890,376
2909,1407,1734,6000,2960,428
2146,1365,1683,6000,2960,428
2146,1365,1683,2387,2901,6000
2146,1365,1683,2387,2901,6000
2089,1331,1639,2387,2901,6000
2089,1331,1639,2377,3183,6000
2089,1331,1639,2377,3183,6000
2041,1304,1639,2377,3183,6000
2041,1304,1604,2385,4870,6000
2041,1304,1604,2385,4870,6000
2032,1298,1604,2385,4870,6000
2032,1298,1602,2408,2902,6000
2029,1298,1602,2408,2902,6000
2029,1295,1601,2430,2902,6000
2029,1295,1601,2430,3736,6000
2029,1295,1601,2430,3736,6000
2029,1295,1601,2430,3736,6000
2029,1295,1601,2454,3743,6000
2029,1295,1601,2454,3743,6000
2030,1296,1601,2454,3743,6000
2030,1296,1601,2479,3743,6000
2030,1296,1601,2479,3743,6000
2029,1295,1602,2509,3765,6000
2029,1295,1602,2509,3765,6000
2026,1296,1602,2509,3765,6000
2026,1296,1601,2533,3765,6000
2026,1296,1601,2533,3768,6000
2026,1296,1601,2533,3768,6000
2026,1295,1598,2555,3768,6000
2026,1295,1598,2555,3743,6000
2032,1295,1598,2555,3743,6000
2032,1295,1601,2555,3743,6000
2032,1295,1601,2584,3775,6000
2032,1298,1598,2584,3775,6000
2032,1298,1598,2618,3792,6000
2032,1298,1598,2618,3792,6000
2032,1299,1598,2618,3792,6000
2032,1299,1598,2641,3803,6000
2032,1299,1598,2641,3803,6000
2030,1298,1598,2641,3803,6000
2030,1298,1601,2667,3803,6000
2030,1298,1601,2667,4856,6000
2032,1298,1601,2667,4856,6000
2032,1298,1601,2697,3796,6000
2030,1298,1601,2697,3796,6000
2030,1298,1602,2697,3796,6000
2030,1298,1602,2727,3800,6000
2030,1298,1602,2727,3800,6000
2032,1298,1601,2727,3800,6000
2032,1298,1601,2754,4856,6000
2032,1298,1601,2754,4856,6000
2029,1298,1601,2754,4856,6000
2029,1298,1601,2780,3800,6000
2029,1298,1601,2780,3800,6000
2029,1295,1598,2810,3800,6000
2029,1295,1598,2810,3785,6000
2030,1295,1598,2810,3785,6000
2030,1295,1598,2840,3785,6000
2030,1295,1598,2840,3772,6000
2032,1295,1598,2840,3772,6000
2032,1295,1598,2840,3772,6000
2032,1295,1598,2862,3782,6000
2032,1295,1598,2862,3782,6000
2030,1295,1601,2862,3782,6000
2030,1295,1601,2885,3800,6000
2032,1298,1601,2885,3800,6000
2032,1298,1598,2904,3789,6000
2032,1298,1598,2904,3789,6000
2033,1298,1598,2904,3789,6000
2033,1298,1598,2930,3789,6000
2033,1298,1598,2930,3786,6000
2033,1298,1598,2930,3786,6000
2033,1298,1599,2956,3786,6000
2033,1298,1599,2956,3782,6000
2036,1298,1599,2956,3782,6000
2036,1295,1601,2980,6000,6000
2036,1295,1601,2980,6000,6000
2036,1295,1601,2980,6000,6000
2036,1295,1601,3006,6000,6000
2036,1295,1601,3006,6000,6000
2033,1295,1601,3006,6000,6000
2033,1295,1598,3032,6000,6000
2033,1295,1598,3032,6000,6000
2033,1295,1598,3032,6000,6000
2033,1295,1598,3059,6000,6000
2033,1295,1598,3059,6000,6000
2033,1295,1599,3085,6000,6000
2033,1295,1599,3085,6000,6000
2033,1295,1599,3085,6000,6000
2033,1296,1598,3085,6000,6000
2033,1296,1598,3111,6000,6000
2033,1296,1598,3111,6000,6000
2033,1296,1599,3111,6000,6000
2033,1296,1599,3137,4874,6000
2033,1296,1599,3137,4874,6000
2036,1299,1599,3137,4874,6000
2036,1299,1599,3163,6000,6000
2039,1299,1599,3163,6000,6000
2039,1299,1599,3189,6000,6000
2039,1299,1599,3189,6000,6000
2037,1299,1599,3189,6000,6000
2037,1298,1602,3216,6000,6000
2037,1298,1602,3216,4867,6000
2036,1298,1602,3216,4867,6000
2036,1299,1602,3216,4867,6000
2036,1299,1602,3243,4865,6000
2036,1299,1602,3243,4865,6000
2037,1298,1602,3266,4865,6000
2037,1298,1602,3266,4865,6000
2037,181,1602,3266,4865,6000
2037,181,1602,3295,4865,6000
2037,181,1602,3295,4865,6000
2047,4910,1602,3295,4865,6000
2047,4910,1634,3321,4865,6000
2047,4910,1634,3321,4865,6000
4910,4910,1634,3321,4865,6000
4910,219,1614,3348,4865,6000
4910,219,1614,3348,4864,6000
2037,1302,1599,3348,4864,6000
2037,1302,1599,3374,4868,6000
2037,1302,1599,3374,4868,6000
2030,1301,1598,3374,4868,6000
2030,1301,1598,3399,4863,6000
2030,1301,1598,3399,4863,6000
2035,1297,1598,3399,4863,6000
2035,1297,1600,3423,4867,6000
2035,1297,1600,3423,4867,6000
2035,1298,1600,3423,4867,6000
2035,1298,1598,3448,4867,6000
2035,1298,1598,3448,4859,6000
2035,1300,1600,3475,4859,6000
2035,1300,1600,3475,4860,6000
2028,1300,1600,3475,4860,6000
2028,1297,1597,3475,4860,6000
2028,1297,1597,3501,4859,6000
2028,1297,1597,3501,4859,6000
2029,1297,1597,3501,4859,6000
2029,1297,1597,3527,4856,6000
2029,1297,1597,3527,4856,6000
2032,1297,1597,3527,4856,6000
2032,1297,1597,3554,4867,6000
1977,1363,1597,3554,4867,6000
1977,1363,1665,6000,4867,6000
1977,1363,1665,6000,6000,3141
1275,1363,1665,6000,6000,3141
1275,1444,2101,4905,6000,3141
1275,1444,2101,4905,6000,3098
1230,1444,2101,4905,6000,3098
1230,1452,2151,4905,6000,3098
1230,1452,2151,6000,6000,3088
1220,1477,2502,6000,6000,3088
1220,1477,2502,3679,6000,3088
1220,1477,2502,3679,6000,412
1257,1586,2502,3679,6000,412
1257,1586,4853,6000,6000,412
1257,1586,4853,6000,6000,395
1434,2373,4853,6000,6000,395
1434,2373,4701,6000,6000,395
1434,2373,4701,6000,6000,387
1458,2373,4701,6000,6000,387
1458,4905,4650,6000,6000,387
1422,4905,4650,6000,6000,387
1422,4869,4606,6000,6000,387
1422,4869,4606,6000,6000,390
1422,4869,4606,6000,6000,390
1426,4689,4560,6000,6000,390
1426,4689,4560,3460,6000,390
1426,4689,4560,3460,6000,702
1419,4649,4560,3460,6000,702
1419,4649,4514,3517,6000,702
1419,4649,4514,3517,6000,694
1397,4738,4469,6000,6000,694
1397,4738,4469,6000,6000,683
1897,4738,4469,6000,6000,683
1897,4690,6000,4208,6000,683
1897,4690,6000,4208,3217,405
4626,4690,6000,4208,3217,405
4626,4377,6000,4208,3217,405
4626,4377,6000,4203,2777,393
4626,4377,6000,4203,2777,393
4354,6000,6000,4203,2777,393
4354,6000,6000,4198,651,393
4290,6000,6000,4198,651,383
4290,6000,6000,4203,663,383
4290,6000,6000,4203,663,379
4248,4759,6000,4203,663,379
4248,4759,6000,4210,663,379
4248,4759,6000,4210,2604,380
4202,4759,6000,4210,2604,380
4202,4719,6000,3054,2604,380
4202,4719,6000,3054,601,389
4163,4719,6000,3054,601,389
4163,4672,6000,3054,601,389
4163,4672,6000,3012,2560,581
4118,4600,6000,3012,2560,581
4118,4600,6000,4229,573,581
4118,4600,6000,4229,573,532
4087,4544,6000,4229,573,532
4087,4544,6000,4235,542,532
4087,4544,6000,4235,542,578
4038,4501,6000,4235,542,578
4038,4501,6000,4241,542,578
4038,4501,6000,4241,521,593
4031,4501,6000,4241,521,593
4031,4455,6000,4248,489,602
3979,4455,6000,4248,489,602
3979,4407,6000,4248,489,602
3979,4407,6000,2808,467,621
3979,4407,6000,2808,467,621
3954,4361,6000,2808,467,621
3954,4361,6000,2776,446,621
3954,4361,6000,2776,446,4096
3914,4315,6000,2776,446,4096
3914,4315,6000,4247,435,4096
3870,4268,6000,4247,435,4101
3870,4268,6000,4275,435,4101
3870,4268,6000,4275,411,410
3843,4268,6000,4275,411,410
3843,4867,6000,4287,411,410
3843,4867,6000,4287,415,397
4112,4867,6000,4287,415,397
4112,4910,4317,4287,415,397
4112,4910,4317,4299,2476,375
4112,4910,4317,4299,2476,375
3914,3719,4114,4299,2476,375
3914,3719,4114,4316,4320,372
3893,3671,4114,4316,4320,372
3893,3671,4075,4332,507,372
3893,3671,4075,4332,507,372
3985,3631,4075,4332,507,372
3985,3631,4027,4336,507,372
3985,3631,4027,4336,479,370
3945,3631,4027,4336,479,370
3945,3580,3973,4158,479,370
3945,3580,3973,4158,4380,368
3902,3580,3973,4158,4380,368
3902,3502,3927,4044,4397,365
3902,3502,3927,4044,4397,365
3881,3455,3903,4044,4397,365
3881,3455,3903,4070,4427,365
3881,3455,3903,4070,4427,362
3734,3407,3903,4070,4427,362
3734,3407,3867,4048,4424,362
3734,3407,3867,4048,4424,359
3659,3361,3867,4048,4424,359
3659,3361,3800,4065,4424,359
3614,3361,3800,4065,4413,356
3614,3315,3748,4099,4413,356
3614,3315,3748,4099,4369,352
3578,3315,3748,4099,4369,352
3578,3266,3692,4099,4369,352
3578,3266,3692,4104,4337,350
3578,3266,3692,4104,4337,350
3482,3216,3649,4104,4337,350
3482,3216,3649,4118,6000,350
3482,3216,3649,4118,6000,357
3438,3166,3649,4118,6000,357
3438,3166,3614,4099,4469,354
3384,3116,3614,4099,4469,354
3384,3116,3734,4070,4469,354
3384,3116,3734,4070,4406,352
3372,3116,3734,4070,4406,352
3372,3067,4128,3614,4406,352
3372,3067,4128,3614,4365,351
3313,3067,4128,3614,4365,351
3313,3017,3455,3614,4365,351
3313,3017,3455,3570,4327,349
3313,3017,3455,3570,4327,349
3260,2968,4054,3473,4291,349
3260,2968,4054,3473,4291,349
3222,2918,4054,3473,4291,349
3222,2918,4008,3425,4256,349
3222,2918,4008,3425,4256,349
3129,2870,4008,3425,4256,349
3129,2870,3967,3334,4256,349
3129,2870,3967,3334,4230,350
3147,2870,3967,3334,4230,350
3147,2822,3970,3270,4230,350
3114,2822,3970,3270,4195,352
3114,2772,4217,3270,4195,352
3114,2772,4217,3220,3743,354
3114,2772,4217,3220,3743,354
3070,2726,4232,3220,3743,354
3070,2726,4232,3172,3734,354
3070,2726,4232,3172,3734,358
3015,2677,4232,3172,3734,358
3015,2677,4245,3124,3709,358
3015,2677,4245,3124,3709,361
2972,2628,4245,3124,3709,361
2972,2628,4263,2042,2296,364
2897,2628,4263,2042,2296,364
2897,2582,4284,2015,2296,364
2897,2582,4284,2015,583,367
2863,2582,4284,2015,583,367
2863,2533,2473,2015,583,367
2863,2533,2473,1992,533,369
2863,2533,2473,1992,533,369
2879,2486,4323,1992,533,369
2879,2486,4323,2950,885,369
2879,2486,4323,2950,885,371
2757,2440,2573,2900,866,371
2757,2440,2573,2900,866,373
2872,2393,2573,2900,866,373
2872,2393,4365,2851,866,373
2872,2393,4365,2851,2136,374
2820,2393,4365,2851,2136,374
2820,2348,3444,2810,2136,374
2820,2348,3444,2810,2476,375
2804,2348,3444,2810,2476,375
2804,2305,4441,2810,2476,375
2804,2305,4441,2780,2458,377
2752,2258,4910,2780,2458,377
2752,2258,4910,2747,2173,377
2752,2258,4910,2747,2173,377
2466,2208,4910,2747,2173,377
2466,2208,4910,2714,2172,377
2466,2208,4910,2714,2172,379
2546,2162,4910,2714,2172,379
2546,2162,4910,2672,2172,379
2546,2162,4910,2672,2336,379
2501,2162,4910,2672,2336,379
2501,2115,4910,2625,2302,381
2266,2115,4910,2625,2302,381
2266,2070,4910,2625,2302,381
2266,2070,4910,2576,2269,854
2266,2070,4910,2576,2269,854
2221,2024,4910,2576,2269,854
2221,2024,4910,2530,2236,854
2221,2024,4910,2530,2236,880
2184,1983,4910,2530,2236,880
2184,1983,3119,2491,2226,880
2184,1983,3119,2491,2226,846
1940,3261,2441,2159,2226,846
1940,3261,2441,2159,2226,409
2289,3261,2441,2159,2226,409
2289,2485,2474,2171,2226,409
2289,2485,2474,2171,635,385
3200,2485,2474,2171,635,385
3200,2358,2073,2171,635,385
3200,2358,2073,2136,602,380
3200,2358,2073,2136,602,380
6000,2310,2026,2136,602,380
6000,2310,2026,2099,569,380
4910,2264,2026,2099,569,413
4910,2264,1978,2052,536,413
4910,2264,1978,2052,536,798
2888,2213,1978,2052,536,798
2888,2213,1926,2009,536,798
2888,2213,1926,2009,505,804
1996,2213,1926,2009,505,804
1996,2169,1885,1972,505,804
1996,2169,1885,1972,478,814
1945,2169,1885,1972,478,814
1945,2129,1839,1985,451,741
1945,2129,1839,1985,451,741
1917,2085,1788,1985,451,741
1917,2085,1788,1957,429,741
1917,2085,1788,1957,429,732
1969,2039,1788,1957,429,732
1969,2039,1737,1856,451,732
1969,2039,1737,1856,451,730
2856,1985,1737,1856,451,730
2856,1985,1700,1814,451,730
2856,1985,1700,1814,2121,683
2819,1939,2177,1688,2121,683
2819,1939,2177,1688,2070,384
1911,1939,2177,1688,2070,384
1911,1864,1996,1688,2070,384
1911,1864,1996,1608,2033,383
1911,1864,1996,1608,2033,383
1589,1840,1964,1608,2033,383
1589,1840,1964,1564,2010,383
1589,1840,1964,1564,2010,385
4910,1791,1964,1564,2010,385
4910,1791,1920,1520,1977,385
4910,1747,1920,1520,1977,401
4910,1747,1888,1475,1977,401
4910,1747,1888,1475,1972,1936
3057,1747,1888,1475,1972,1936
3057,1697,1899,1431,1972,1936
3057,1697,1899,1431,1910,3000
4910,1697,1899,1431,1910,3000
4910,1649,1607,1431,1910,3000
4910,1649,1607,1575,1898,2221
4910,1649,1607,1575,1898,2221
1609,1640,1325,1542,2645,2221
1609,1640,1325,1542,2645,408
1556,1299,1325,1542,2645,408
1556,1299,1486,1848,3002,408
1556,1299,1486,1848,3002,395
1614,1241,1486,1848,3002,395
1614,1241,1479,2563,3002,395
1614,1241,1479,2563,2914,384
1754,1241,1479,2563,2914,384
1754,1203,1453,2532,2914,384
1754,1203,1453,2532,2870,380
1704,1166,1581,2532,2870,380
1704,1166,1581,2488,2854,379
1704,1166,1581,2488,2854,379
1140,1154,1631,2488,2854,379
1140,1154,1631,2448,2837,379
1140,1154,1631,2448,2837,382
1080,1237,1631,2448,2837,382
1080,1237,1561,2396,2789,382
1080,1237,1561,2396,2789,408
1031,1191,1561,2396,2789,408
1031,1191,1511,2115,2789,408
983,1191,1511,2115,2787,2145
983,1141,1465,2070,2787,2145
983,1141,1465,2070,2725,2642
937,1141,1465,2070,2725,2642
937,1097,1459,2070,2725,2642
937,1097,1459,2269,2697,2646
937,1097,1459,2269,2697,2646
893,1037,1437,2269,2697,2646
893,1037,1437,3141,2610,2646
893,1037,1437,3141,2610,891
1003,1418,1933,2617,2341,891
1003,1418,1933,2617,2341,408
931,1328,1933,2617,2341,408
931,1328,3309,2586,2341,408
931,1328,3309,2586,2298,393
1321,1328,3309,2586,2298,393
1321,2105,2417,2238,2298,393
1321,2105,2417,2238,2562,387
1247,2105,2417,2238,2562,387
1247,2072,2419,2238,2562,387
1247,2072,2419,2195,2546,372
1215,2056,2429,2195,2546,372
1215,2056,2429,2151,2488,372
1215,2056,2429,2151,2488,367
1158,2310,2429,2151,2488,367
1158,2310,2413,2112,2456,367
1158,2310,2413,2112,2456,367
1136,2269,2413,2112,2456,367
1136,2269,2372,2073,2456,367
1136,2269,2372,2073,767,372
1079,2269,2372,2073,767,372
1079,2227,2326,2033,767,372
1043,2227,2326,2033,742,766
1043,2186,2277,2033,742,766
1043,2186,2277,1992,713,754
1043,2186,2277,1992,713,754
1004,2176,2227,1992,713,754
1004,2176,2227,1950,686,754
1004,2176,2227,1950,686,758
970,2483,2227,1950,686,758
970,2483,2183,1912,660,758
970,2483,2183,1912,660,779
951,2448,2133,1876,660,779
951,2448,2133,1876,637,761
1409,2448,2133,1876,637,761
1409,2400,2091,1831,637,761
1409,2400,2091,1831,612,773
1619,2400,2091,1831,612,773
1619,2356,2056,1831,612,773
1619,2356,2056,1785,588,814
1619,2356,2056,1785,588,814
1581,2315,2021,1785,588,814
1581,2315,2021,1740,562,814
1540,2277,2021,1740,562,792
1540,2277,1982,1697,538,792
1540,2277,1982,1697,538,809
1498,2237,1982,1697,538,809
1498,2237,1961,1657,538,809
1498,2237,1961,1657,514,971
1458,2237,1961,1657,514,971
1458,2194,1902,1617,514,971
1458,2194,1902,1617,490,988
1419,2194,1902,1617,490,988
1419,2548,1854,1617,490,988
1419,2548,1854,1579,467,3666
1380,2481,1797,1579,467,3666
1380,2481,1797,1539,442,3666
1380,2481,1797,1539,442,3674
1345,2448,1797,1539,442,3674
1345,2448,1733,1503,420,3674
1345,2448,1733,1503,420,3697
1304,2025,1733,1503,420,3697
1304,2025,1661,501,420,3697
1304,2025,1661,501,452,4910
1262,2025,1661,501,452,4910
1262,1609,1599,2868,400,400
1216,1609,1599,2868,400,400
1216,1508,2492,2868,400,400
1216,1508,2492,1618,420,410
1216,1508,2492,1618,420,410
925,1211,2204,1618,420,410
925,1211,2204,1528,2782,410
925,1211,2204,1528,2782,364
874,1113,2204,1528,2782,364
874,1113,1456,1450,2450,364
834,1068,1456,1450,2450,366
834,1068,1743,1415,2450,366
834,1068,1743,1415,2516,366
792,1068,1743,1415,2516,366
792,1024,1715,1384,2516,366
792,1024,1715,1384,3963,367
752,1024,1715,1384,3963,367
752,979,1673,1384,3963,367
752,979,1673,1357,1442,411
752,979,1673,1357,1442,411
712,933,1613,1357,1442,411
712,933,1613,1455,1407,1563
673,892,1613,1455,1407,1563
673,892,1557,1276,1360,1563
673,892,1557,1276,1360,1540
639,845,1557,1276,1360,1540
639,845,1184,1225,1360,1540
639,845,1184,1225,1365,1536
895,845,1184,1225,1365,1536
895,1700,1888,1181,1365,1536
895,1700,1888,1181,2588,1532
753,1700,1888,1181,2588,1532
753,1421,1163,2580,2399,403
753,1421,1163,2580,2399,403
1013,1926,1089,2580,2399,403
1013,1926,1089,2514,1486,403
1013,1926,1089,2514,1486,387
1494,1057,1089,2514,1486,387
1494,1057,1129,2151,1452,387
1494,1057,1129,2151,1452,411
1676,994,1129,2151,1452,411
1676,994,1146,2113,1452,411
1650,994,1146,2113,1420,378
1650,946,2555,2065,1420,378
1650,946,2555,2065,1394,414
1622,946,2555,2065,1394,414
1622,900,2572,2065,1394,414
1622,900,2572,2015,1371,3081
1622,900,2572,2015,1371,3081
1672,854,2572,2015,1371,3081
1672,854,2572,1975,1348,3081
1672,854,2572,1975,1348,3102
1819,808,2572,1975,1348,3102
1819,808,2257,1910,1313,3124
785,816,2257,1910,1313,3124
785,816,2017,1862,1313,3124
785,816,2017,1862,1282,1622
726,816,2017,1862,1282,1622
726,2158,1834,1240,1282,1622
726,2158,1834,1240,2290,381
805,2158,1834,1240,2290,381
805,1786,1774,1240,2290,381
805,1786,1774,1201,4144,369
805,1786,1774,1201,4144,369
1747,1739,1158,2207,4118,369
1747,1739,1158,2207,4118,355
1685,1682,1158,2207,4118,355
1685,1682,1110,2214,4087,355
1685,1682,1110,2214,4087,350
1623,1640,1110,2214,4087,350
1623,1640,1065,2285,4087,350
1623,1640,1065,2285,4077,342
1753,1640,1065,2285,4077,342
1753,1673,1020,2247,4077,342
1677,1673,1020,2247,4003,335
1677,1654,1681,2247,4003,335
1677,1654,1681,2480,2311,331
1677,1654,1681,2480,2311,331
1854,1644,1704,2480,2311,331
1854,1644,1704,918,2257,331
1854,1644,1704,918,2257,329
1805,1671,1704,918,2257,329
1805,1671,1829,857,2312,329
1805,1671,1829,857,2312,329
1754,2630,1829,857,2312,329
1754,2630,1551,802,2298,332
1704,2630,1551,802,2298,332
1704,1977,1523,756,2298,332
1704,1977,1523,756,2261,339
1656,1977,1523,756,2261,339
1656,1918,1540,756,2261,339
1656,1918,1540,1649,2230,349
1656,1918,1540,1649,2230,349
1610,1864,1496,1649,2230,349
1610,1864,1496,1644,673,349
1610,1864,1496,1644,673,358
1566,1804,1469,1606,633,358
1566,1804,1469,1606,633,371
1519,1745,1469,1606,633,371
1519,1745,1447,1650,633,371
1519,1745,1447,1650,597,380
1472,1745,1447,1650,597,380
1472,1721,1427,1725,597,380
1472,1721,1427,1725,566,387
1424,1721,1427,1725,566,387
1424,1675,1411,1725,566,387
1424,1675,1411,1725,540,392
1380,1630,1389,1725,540,392
1380,1630,1389,1883,537,392
1380,1630,1389,1883,537,398
1334,1585,1389,1883,537,398
1334,1585,1373,1878,2139,398
1334,1585,1373,1878,2139,405
1290,1540,1373,1878,2139,405
1290,1540,1361,1968,2139,405
1290,1540,1361,1968,1833,411
1247,1540,1361,1968,1833,411
1247,1495,1342,1883,1795,417
1203,1495,1342,1883,1795,417
1203,1451,1329,1883,1795,417
1203,1451,1329,1901,1808,422
1203,1451,1329,1901,1808,422
1161,1410,1315,1901,1808,422
1161,1410,1315,2333,1758,422
1161,1410,1315,2333,1758,427
1120,1370,1315,2333,1758,427
1120,1370,1273,2287,1723,427
1120,1370,1273,2287,1723,415
1079,1326,1229,2253,1723,415
1079,1326,1229,2253,1683,409
1040,1326,1229,2253,1683,409
1040,1298,1209,2231,1683,409
1040,1298,1209,2231,1623,412
1001,1298,1209,2231,1623,412
1001,1228,1175,2231,1623,412
1001,1228,1175,2181,1547,415
1001,1228,1175,2181,1547,415
962,1128,1270,2181,1547,415
962,1128,1270,2148,1578,415
928,1171,1270,2148,1578,418
928,1171,1913,2128,1503,418
928,1171,1913,2128,1503,421
899,1072,1913,2128,1503,421
899,1072,1851,2053,1503,421
899,1072,1851,2053,1493,423
1060,1072,1851,2053,1493,423
1060,957,1150,2015,1493,423
1060,957,1150,2015,1456,424
1017,957,1150,2015,1456,424
1017,848,1755,1965,1418,425
1017,848,1755,1965,1418,425
976,730,1709,1965,1418,425
976,730,1709,1917,1381,425
976,730,1709,1917,1381,427
934,642,1709,1917,1381,427
934,642,1662,1936,1398,427
934,642,1662,1936,1398,427
610,546,1662,1936,1398,427
610,546,1617,1822,1398,427
417,546,1617,1822,1978,428
417,426,1568,1772,1978,428
417,426,1568,1772,1931,428
278,426,1568,1772,1931,428
278,1363,1514,1772,1931,428
278,1363,1514,1797,1778,424
278,1363,1514,1797,1778,424
999,1471,1561,1797,1778,424
999,1471,1561,1650,1639,424
999,1471,1561,1650,1639,414
1210,1381,1561,1650,1639,414
1210,1381,1569,1595,407,402
1346,1421,1569,1595,407,402
1346,1421,1616,1649,407,402
1346,1421,1616,1649,385,2502
1268,1421,1616,1649,385,2502
1268,1368,1564,1626,385,2502
1268,1368,1564,1626,353,2486
1224,1368,1564,1626,353,2486
1224,1285,1406,1626,353,2486
1224,1285,1406,1645,339,339
1224,1285,1406,1645,339,339
1045,1153,1264,1465,1512,339
1045,1153,1264,1465,1512,313
941,2170,1264,1465,1512,313
941,2170,1104,1278,1526,313
941,2170,1104,1278,1526,324
892,947,1104,1278,1526,324
892,947,1047,1151,1526,324
892,947,1047,1151,1373,348
652,947,1047,1151,1373,348
652,889,992,1090,1373,348
605,889,992,1090,1304,400
605,835,947,1090,1304,400
605,835,947,1044,1267,390
605,835,947,1044,1267,390
681,785,909,1044,1267,390
681,785,909,1002,1129,390
681,785,909,1002,1129,411
664,740,909,1002,1129,411
664,740,888,962,1078,411
664,740,888,962,1078,626
617,693,888,962,1078,626
617,693,839,921,1035,648
548,693,839,921,1035,648
548,646,768,879,1035,648
548,646,768,879,1130,646
591,646,768,879,1130,646
591,1777,706,879,1130,646
591,1777,706,842,1138,636
591,1777,706,842,1138,636
553,744,783,842,1138,636
553,744,783,905,1355,636
553,744,783,905,1355,428
1674,608,738,900,6000,428
1674,608,738,900,6000,403
590,686,738,900,6000,403
590,686,810,1043,6000,403
590,686,810,1043,6000,395
517,686,810,1043,6000,395
517,638,760,1044,6000,395
517,638,760,1044,6000,404
475,638,760,1044,6000,404
475,592,713,1044,6000,404
475,592,713,1044,6000,404
475,592,713,1044,6000,404
475,592,713,1044,6000,404
428,538,663,1013,2185,584
387,489,663,1013,2185,584
387,489,766,1078,2202,584
387,489,766,1078,2202,553
430,538,707,4873,2202,553
430,538,707,4873,1843,564
373,538,707,4873,1843,564
373,477,824,6000,1843,564
373,477,824,6000,495,564
417,477,824,6000,495,564
417,573,909,6000,495,564
417,573,909,6000,1204,548
417,573,909,6000,1204,548
369,705,4910,6000,1204,548
369,705,4910,1726,404,447
489,672,4910,1726,404,447
489,672,4881,1690,381,447
489,672,4881,1690,381,438
470,660,4881,1690,381,438
470,660,4869,1669,381,438
470,660,4869,1669,365,492
434,660,4869,1669,365,492
434,756,6000,1620,365,492
434,756,6000,1620,1091,472
394,756,6000,1620,1091,472
394,692,6000,1564,342,475
394,692,6000,1564,342,475
488,620,6000,1564,342,475
488,620,6000,1503,4910,475
488,620,6000,1503,4910,311
424,570,6000,1503,4910,311
424,570,4910,1437,2615,311
424,570,4910,1437,2615,271
513,4910,4910,1437,2615,271
513,4910,4910,1378,2615,271
513,4910,4910,1378,2544,237
420,6000,4910,1308,2544,237
420,6000,4910,1308,2495,222
358,6000,4910,1308,2495,222
358,4153,4910,1308,2495,222
358,4153,4910,1246,2466,226
358,4153,4910,1246,2466,226
1516,4311,3129,1246,2466,226
1516,4311,3129,1179,2414,226
1516,4311,3129,1179,2414,472
3326,6000,3129,1179,2414,472
3326,6000,1115,4067,1482,276
3217,6000,1115,4067,1482,276
3217,6000,1038,4910,1482,276
3217,6000,1038,4910,1438,445
3134,6000,1038,4910,1438,445
3134,6000,996,1000,1438,445
3134,6000,996,1000,1685,432
3068,6000,996,1000,1685,432
3068,6000,2862,1000,1685,432
3068,6000,2862,929,1622,426
3068,6000,2862,929,1622,426
3024,6000,2825,886,1587,426
3024,6000,2825,886,1587,420
2983,6000,2825,886,1587,420
2983,6000,2783,842,1543,420
2983,6000,2783,842,1543,414
2934,297,2783,842,1543,414
2934,297,2734,797,1543,414
2934,297,2734,797,1550,408
2897,297,2734,797,1550,408
2897,6000,2682,752,1550,408
2897,6000,2682,752,543,402
2854,4182,1667,752,543,402
2854,4182,1667,702,1499,405
2854,4182,1667,702,1499,405
3023,3776,1616,702,1499,405
3023,3776,1616,2572,663,405
3023,3776,1616,2572,663,412
3052,3726,1616,2572,663,412
3052,3726,1633,2508,612,412
3052,3726,1633,2508,612,417
2989,3647,1633,2508,612,417
2989,3647,4467,2462,612,417
2881,3647,4467,2462,579,420
2881,3600,4509,2414,579,420
2881,3600,4509,2414,546,423
2824,3600,4509,2414,546,423
2824,3550,2630,2414,546,423
2824,3550,2630,2371,515,425
2824,3550,2630,2371,515,425
2863,3500,2614,2371,515,425
2863,3500,2614,2331,486,425
2863,3500,2614,2331,486,445
395,3454,2619,2302,459,445
395,3454,2619,2302,459,462
2955,3408,2619,2302,459,462
2955,3408,1426,2244,459,462
2955,3408,1426,2244,436,464
2870,3408,1426,2244,436,464
2870,3353,4483,2192,436,464
2870,3353,4483,2192,2752,465
2825,3353,4483,2192,2752,465
2825,3302,6000,2192,2752,465
2825,3302,6000,2140,2598,450
2634,3259,6000,2140,2598,450
2634,3259,6000,2126,2530,450
2634,3259,6000,2126,2530,465
2583,3214,6000,2126,2530,465
2583,3214,6000,2055,2477,465
2583,3214,6000,2055,2477,375
2633,3166,6000,2055,2477,375
2633,3166,6000,2020,2477,375
2633,3166,6000,2020,2427,357
2659,3166,6000,2020,2427,357
2659,3118,6000,1993,2427,357
2612,3118,6000,1993,2384,354
2612,3070,6000,1993,2384,354
2612,3070,6000,1937,2333,356
2612,3070,6000,1937,2333,356
2569,3020,6000,1937,2333,356
2569,3020,6000,1882,2234,356
2569,3020,6000,1882,2234,6000
2511,2970,6000,1882,2234,6000
2511,2970,6000,1832,2179,6000
2511,2970,6000,1832,2179,6000
2419,2925,4377,1797,2179,6000
2419,2925,4377,1797,2124,6000
2346,2925,4377,1797,2124,6000
2346,2906,4360,1788,2124,6000
2346,2906,4360,1788,2118,6000
2346,2906,4360,1788,2118,6000
2346,2907,6000,1788,2118,6000
2346,2907,6000,1788,2118,6000
2346,2907,6000,1788,2118,6000
2374,2907,6000,1788,2118,6000
2374,2907,6000,1788,2118,6000
2374,2907,6000,1788,2118,6000
2374,2907,6000,1788,2118,6000
2374,2907,6000,1788,2118,6000
2377,2907,6000,1788,2118,6000
2377,2907,4367,1788,2118,6000
2377,2907,4367,1788,2117,6000
2377,2907,4367,1788,2117,6000
2377,2907,6000,1788,2117,6000
2377,2907,6000,1788,2118,6000
2377,2907,6000,1788,2118,6000
2377,2907,6000,1788,2118,6000
2377,2907,6000,1789,2118,6000
2342,2907,4363,1789,2118,6000
2342,2907,4363,1789,2118,6000
2342,2907,4363,1789,2118,6000
2377,2907,4363,1789,2118,6000
2377,2907,4357,1788,2118,6000
2377,2907,4357,1788,2118,6000
2377,2907,4357,1788,2118,6000
2377,2907,4367,1789,2118,6000
2377,2907,4367,1789,2118,6000
2378,2907,4350,1789,2118,6000
2378,2907,4350,1789,2118,6000
2377,2907,4350,1789,2118,6000
2377,2907,4353,1789,2118,6000
2377,2907,4353,1789,2118,6000
2377,2907,4353,1789,2118,6000
2377,2907,4350,1789,2118,6000
2377,2907,4350,1789,2118,6000
2377,2907,4350,1789,2118,6000
2377,2907,4350,1789,2118,6000
2377,2907,4350,1791,2118,6000
2346,2907,4350,1791,2118,6000
2346,2907,4353,1791,2118,6000
2346,2907,4353,1791,2117,6000
2381,2907,4353,1791,2117,6000
2381,2910,6000,1791,2117,6000
2381,2910,6000,1791,2118,6000
2380,2910,6000,1791,2118,6000
2380,2907,4346,1791,2118,6000
2380,2907,4346,1791,2118,6000
2380,2907,4346,1791,2118,6000
2381,2907,6000,1791,2118,6000
2381,2907,6000,1791,2118,6000
2381,2907,6000,1791,2118,6000
2381,2907,6000,1791,2118,6000
2381,2907,6000,1791,2118,6000
2354,2907,6000,1791,2118,6000
2354,2907,4346,1791,2118,6000
2354,2907,4346,1791,2118,6000
2347,2907,4346,1791,2118,6000
2347,2907,4343,1791,2118,6000
2347,2907,4343,1791,2118,6000
2347,2908,4357,1791,2118,6000
2347,2908,4357,1792,2118,6000
2347,2908,4357,1792,2118,6000
2350,2907,6000,1792,2118,6000
2350,2907,6000,1791,2118,6000
2350,2907,6000,1791,2118,6000
2350,2907,6000,1791,2118,6000
2350,2907,6000,1792,2118,6000
2350,2907,6000,1792,2118,6000
2350,2908,6000,1792,2118,6000
2350,2908,4378,1789,2118,6000
2351,2908,4378,1789,2115,6000
2351,2908,4378,1789,2115,6000
2351,2908,4378,1789,2118,6000
2354,2908,4378,1789,2118,6000
2354,2908,4361,1789,2118,6000
2354,2908,4361,1790,2119,6000
2354,2908,4361,1790,2119,6000
2354,2908,4355,1790,2119,6000
2354,2908,4355,1790,2119,6000
2354,2908,4355,1790,2119,6000
2379,2908,4355,1790,2119,6000
2379,2908,6000,1789,2119,6000
2378,2345,6000,1789,2119,6000
2378,2345,6000,1790,2119,6000
2378,2345,6000,1790,2119,6000
2382,2345,6000,1790,2119,6000
2382,2909,6000,1790,2119,6000
2382,2909,6000,1790,2119,6000
2381,2909,6000,1790,2119,6000
2381,2908,6000,1790,2119,6000
2381,2908,6000,1790,2119,6000
2381,2908,6000,1790,2119,6000
2379,2909,6000,1792,2119,6000
2379,2909,6000,1792,2119,6000
2382,2909,6000,1792,2119,6000
2382,2909,6000,1792,2119,6000
2382,2909,6000,1792,2119,6000
2382,2909,6000,1792,2119,6000
2382,2909,4373,1790,2119,6000
2382,2909,4373,1790,2119,6000
2382,2909,4373,1790,2119,6000
2382,2909,6000,1790,2119,6000
2385,2909,6000,1790,2120,6000
2385,2909,6000,1790,2120,6000
2385,2909,6000,1790,2120,6000
2385,2909,6000,1790,2120,6000
2386,2909,6000,1790,2120,6000
2386,2909,6000,1791,2119,6000
2386,2909,6000,1791,2119,6000
2386,2910,6000,1791,2119,6000
2386,2910,6000,1791,2128,6000
2386,2910,6000,1791,2128,6000
2435,2921,6000,1791,2128,6000
2435,2921,4910,1882,6000,315
2945,2921,4910,1882,6000,315
2945,3774,1881,1989,6000,315
2945,3774,1881,1989,6000,311
2941,3774,1881,1989,6000,311
2941,3764,2045,1989,6000,311
2941,3764,2045,1976,2960,313
2941,3764,2045,1976,2960,313
2917,3727,2074,1976,2960,313
2917,3727,2074,1934,2765,313
2869,2901,2074,1934,2765,166
2869,2901,2392,1759,2161,166
2869,2901,2392,1759,2161,4910
2812,2800,2392,1759,2161,4910
2812,2800,6000,1641,2161,4910
2812,2800,6000,1641,2009,6000
2551,2800,6000,1641,2009,6000
2551,2730,6000,1564,2009,6000
2551,2730,6000,1564,1919,6000
2644,2730,6000,1564,1919,6000
2644,2673,6000,1564,1919,6000
2644,2673,6000,1514,1897,6000
2680,2657,6000,1514,1897,6000
2680,2657,6000,1504,1918,6000
2680,2657,6000,1504,1918,6000
2684,2657,6000,1504,1918,6000
2684,2657,6000,1504,1917,6000
2684,2657,6000,1504,1917,6000
2684,2658,6000,1504,1917,6000
2684,2658,6000,1505,1917,6000
2684,2658,6000,1505,1917,6000
2684,2658,6000,1505,1917,6000
2684,2658,6000,1505,1917,6000
2684,2658,6000,1505,1917,6000
2684,2658,6000,1505,1917,6000
2684,2658,6000,1504,1917,6000
2684,2658,6000,1504,1917,6000
2684,2658,6000,1504,1917,6000
2684,2658,6000,1505,1916,6000
2684,2658,6000,1505,1916,6000
2684,2657,6000,1505,1916,6000
2684,2657,6000,1504,1917,6000
2684,2657,6000,1504,1917,6000
2684,2657,6000,1504,1917,6000
2684,2657,6000,1504,1924,6000
2662,2657,6000,1504,1924,6000
2662,6000,1506,1901,1924,6000
2662,6000,1506,1901,6000,3172
6000,6000,1506,1901,6000,3172
6000,1528,1672,1901,6000,3172
6000,1528,1672,2750,6000,2646
6000,1528,1672,2750,6000,2646
6000,1535,1663,2750,6000,2646
6000,1535,1663,2751,6000,2237
6000,1490,1663,2751,6000,2237
6000,1490,1790,6000,6000,2237
6000,1490,1790,6000,6000,311
2147,1497,1790,6000,6000,311
2147,1497,1890,6000,6000,311
2147,1497,1890,6000,4910,301
1407,1497,1890,6000,4910,301
1407,1697,2645,4847,4910,301
1407,1697,2645,4847,6000,293
1357,1697,2645,4847,6000,293
1357,1684,6000,4805,6000,298
1357,1684,6000,4805,6000,298
1297,1589,2485,4805,6000,298
1297,1589,2485,4792,6000,298
1297,1589,2485,4792,6000,3203
1241,1431,2485,4792,6000,3203
1241,1431,1684,4831,4721,3203
1241,1431,1684,4831,4721,6000
1189,1307,1684,4831,4721,6000
1189,1307,1596,4773,4721,6000
1189,1307,1596,4773,4659,6000
1127,1270,1561,4748,4659,6000
1127,1270,1561,4748,6000,1788
1103,1270,1561,4748,6000,1788
1103,1349,1920,4748,6000,1788
1103,1349,1920,4863,6000,1790
1103,1349,1920,4863,6000,1790
1100,1349,1931,4863,6000,1790
1100,1349,1931,4865,6000,1790
1100,1349,1931,4865,6000,1797
1105,1354,1931,4865,6000,1797
1105,1354,2250,4575,6000,3087
1156,1456,2250,4575,6000,3087
1156,1456,4641,6000,6000,3087
1156,1456,4641,6000,6000,2769
1328,1456,4641,6000,6000,2769
1328,2931,4496,6000,6000,2769
1328,2931,4496,6000,1776,702
1912,2931,4496,6000,1776,702
1912,2924,4176,6000,1776,702
1912,2924,4176,6000,1753,414
1912,2924,4176,6000,1753,414
4510,4406,4127,6000,2779,414
4510,4406,4127,6000,2779,399
4630,6000,4127,6000,2779,399
4630,6000,6000,3665,664,399
4630,6000,6000,3665,664,393
4313,4858,6000,3665,664,393
4313,4858,6000,3055,664,393
4313,4858,6000,3055,650,378
4274,4858,6000,3055,650,378
4274,4804,6000,3044,650,378
4274,4804,6000,3044,2583,375
4226,4756,6000,3044,2583,375
4226,4756,6000,1753,2572,375
4226,4756,6000,1753,2572,375
4184,4695,6000,1753,2572,375
4184,4695,6000,1757,2536,375
4184,4695,6000,1757,2536,383
4143,4652,6000,1757,2536,383
4143,4652,6000,1765,2516,383
4143,4652,6000,1765,2516,577
4106,4648,6000,1765,2516,577
4106,4648,6000,1781,2516,577
4062,4648,6000,1781,2486,556
4062,4560,6000,3342,2486,556
4062,4560,6000,3342,500,551
4027,4560,6000,3342,500,551
4027,3501,6000,3342,500,551
4027,3501,6000,2623,470,575
4027,3501,6000,2623,470,575
3995,3503,6000,2623,470,575
3995,3503,6000,2590,446,575
3995,3503,6000,2590,446,583
3952,3509,6000,2753,428,583
3952,3509,6000,2753,428,625
3906,4377,6000,2753,428,625
3906,4377,3966,1795,428,625
3906,4377,3966,1795,426,440
3296,4377,3966,1795,426,440
3296,4368,2868,1788,426,440
3296,4368,2868,1788,407,404
3817,4368,2868,1788,407,404
3817,4902,2888,1788,407,404
3817,4902,2888,6000,2460,412
3960,3619,4073,6000,2460,412
3960,3619,4073,6000,1772,412
3960,3619,4073,6000,1772,374
3909,3297,4073,6000,1772,374
3909,3297,4072,4608,1775,374
3909,3297,4072,4608,1775,373
3895,3285,4072,4608,1775,373
3895,3285,4071,4560,1775,373
3895,3285,4071,4560,532,370
3984,3285,4071,4560,532,370
3984,3282,4042,4502,489,367
3958,3282,4042,4502,489,367
3958,3282,3993,4502,489,367
3958,3282,3993,4451,460,363
3958,3282,3993,4451,460,363
3924,3288,3948,4451,460,363
3924,3288,3948,4414,459,363
3924,3288,3948,4414,459,360
3900,3297,3948,4414,459,360
3900,3297,3941,4409,1845,360
3900,3297,3941,4409,1845,358
3862,3312,3920,4378,1845,358
3862,3312,3920,4378,1858,359
3791,3312,3920,4378,1858,359
3791,3321,3892,4314,1858,359
3791,3321,3892,4314,1875,359
3643,3321,3892,4314,1875,359
3643,3315,4017,4314,1875,359
3643,3315,4017,4269,1890,358
3643,3315,4017,4269,1890,358
3680,3289,3747,4269,1890,358
3680,3289,3747,4534,1906,358
3541,3242,3747,4534,1906,358
3541,3242,3735,4192,1913,358
3541,3242,3735,4192,1913,364
3469,3196,3735,4192,1913,364
3469,3196,3667,4139,1913,364
3469,3196,3667,4139,1930,364
3411,3196,3667,4139,1930,364
3411,3146,3597,3768,1930,364
3411,3146,3597,3768,1945,361
3369,3146,3597,3768,1945,361
3369,3100,3560,3768,1945,361
3369,3100,3560,3664,1966,358
3350,3054,3507,3664,1966,358
3350,3054,3507,3645,1985,358
3350,3054,3507,3645,1985,355
3286,3008,3507,3645,1985,355
3286,3008,3459,3616,2010,355
3286,3008,3459,3616,2010,351
3260,2962,3459,3616,2010,351
3260,2962,3409,3567,2010,351
3260,2962,3409,3567,4295,348
3141,2912,3372,3473,4295,348
3141,2912,3372,3473,4255,345
3070,2912,3372,3473,4255,345
3070,2864,3346,3473,4255,345
3070,2864,3346,3388,4220,345
3070,2864,3346,3388,4220,345
3145,2813,3456,3388,4220,345
3145,2813,3456,3303,2104,345
3145,2813,3456,3303,2104,345
3107,2761,3456,3303,2104,345
3107,2761,4910,3210,3841,345
3045,2709,4910,3210,3841,348
3045,2709,4910,3158,3841,348
3045,2709,4910,3158,2549,352
3000,2709,4910,3158,2549,352
3000,2660,4910,3111,2549,352
3000,2660,4910,3111,2538,357
2963,2660,4910,3111,2538,357
2963,2613,4910,3111,2538,357
2963,2613,4910,3065,992,362
2963,2613,4910,3065,992,362
2900,2565,3411,3065,992,362
2900,2565,3411,3017,555,368
2907,2517,3411,3017,555,368
2907,2517,3384,2971,935,368
2907,2517,3384,2971,935,373
2807,2471,3384,2971,935,373
2807,2471,3321,2927,935,373
2807,2471,3321,2927,911,377
2772,2471,3321,2927,911,377
2772,2423,3274,2883,911,377
2772,2423,3274,2883,906,381
2779,2377,4910,2883,906,381
2779,2377,4910,2844,2488,384
2779,2377,4910,2844,2488,384
2736,2329,4910,2844,2488,384
2736,2329,4910,2808,2458,384
2736,2329,4910,2808,2458,388
2768,2281,4910,2808,2458,388
2768,2281,4219,2769,2405,388
2768,2281,4219,2769,2405,391
2749,2234,4219,2769,2405,391
2749,2234,4910,2727,2405,391
2575,2234,4910,2727,2394,395
2575,2184,4224,2689,2394,395
2575,2184,4224,2689,2360,398
2420,2184,4224,2689,2360,398
2420,2137,4260,2689,2360,398
2420,2137,4260,2651,2329,401
2420,2137,4260,2651,2329,401
2421,2090,3434,2651,2329,401
2421,2090,3434,2611,2297,401
2421,2090,3434,2611,2297,878
2390,2043,3434,2611,2297,878
2390,2043,3391,2572,2266,1041
2194,1997,3391,2572,2266,1041
2194,1997,3352,2530,2266,1041
2194,1997,3352,2530,2235,1003
2148,1997,3352,2530,2235,1003
2148,1953,2520,2493,2235,1003
2148,1953,2520,2493,2247,876
1908,1953,2520,2493,2247,876
1908,3248,2440,2493,2247,876
1908,3248,2440,2161,706,425
1908,3248,2440,2161,706,425
2272,2420,2149,2179,652,425
2272,2420,2149,2179,652,414
2488,2350,2149,2179,652,414
2488,2350,2073,2439,622,414
2488,2350,2073,2439,622,2901
2338,2308,2073,2439,622,2901
2338,2308,2025,2395,622,2901
2338,2308,2025,2395,586,410
2292,2308,2025,2395,586,410
2292,2264,1979,2377,586,410
2251,2264,1979,2377,548,403
2251,2223,1932,2377,548,403
2251,2223,1932,2330,515,796
2251,2223,1932,2330,515,796
2207,2183,1888,2330,515,796
2207,2183,1888,2282,485,796
2207,2183,1888,2282,485,791
2160,2140,1888,2282,485,791
2160,2140,1841,2260,455,791
2160,2140,1841,2260,455,821
2101,2113,1841,2260,455,821
2101,2113,1794,2208,427,741
2060,2113,1794,2208,427,741
2060,2044,1739,2160,427,741
2060,2044,1739,2160,415,701
2045,2044,1739,2160,415,701
2045,1987,1684,2160,415,701
2045,1987,1684,1811,2815,714
2045,1987,1684,1811,2815,714
2011,1934,1653,1811,2815,714
2011,1934,1653,1767,2065,714
4910,1891,1653,1767,2065,376
4910,1891,2008,1614,2025,376
4910,1891,2008,1614,2025,373
1937,1838,2008,1614,2025,373
1937,1838,1562,1671,2025,373
1937,1838,1562,1671,1994,367
1865,1838,1562,1671,1994,367
1865,1790,1504,1632,1994,367
1865,1790,1504,1632,1971,367
1819,1790,1504,1632,1971,367
1819,1743,1456,1632,1971,367
1819,1743,1456,1596,1931,371
1779,1697,1415,1596,1931,371
1779,1697,1415,1564,1912,371
1779,1697,1415,1564,1912,1898
1738,1657,1415,1564,1912,1898
1738,1657,1375,1553,1905,1898
1738,1657,1375,1553,1905,2202
1694,1617,1375,1553,1905,2202
1694,1617,1321,1498,1905,2202
1694,1617,1321,1498,1877,2186
1567,1617,1321,1498,1877,2186
1567,1686,1278,1721,2594,390
1540,1686,1278,1721,2594,390
1540,1224,1442,1721,2594,390
1540,1224,1442,1794,2905,377
1540,1224,1442,1794,2905,377
1747,1201,1479,1794,2905,377
1747,1201,1479,2514,2801,377
1747,1201,1479,2514,2801,369
1153,1448,1479,2514,2801,369
1153,1448,1697,2474,2830,369
1153,1448,1697,2474,2830,367
1105,1302,1616,2430,2830,367
1105,1302,1616,2430,2785,368
1061,1302,1616,2430,2785,368
1061,1256,1574,2389,2785,368
1061,1256,1574,2389,2765,382
1014,1256,1574,2389,2765,382
1014,1183,1522,2389,2765,382
1014,1183,1522,2346,2780,2124
1014,1183,1522,2346,2780,2124
972,1253,1480,2346,2780,2124
972,1253,1480,2304,2702,2124
927,1088,1480,2304,2702,2640
927,1088,1450,2290,2607,2640
927,1088,1450,2290,2607,880
937,1014,1450,2290,2607,880
937,1014,1522,2631,2607,880
937,1014,1522,2631,2316,388
962,1014,1522,2631,2316,388
962,1353,3066,2554,2316,388
962,1353,3066,2554,2282,375
1211,1353,3066,2554,2282,375
1211,1842,2546,2247,840,365
1211,1842,2546,2247,840,365
1275,2068,2497,2247,840,365
1275,2068,2497,2202,822,365
1275,2068,2497,2202,822,360
1272,2032,2497,2202,822,360
1272,2032,2456,2161,810,360
1272,2032,2456,2161,810,360
1177,1986,2456,2161,810,360
1177,1986,2417,2125,810,360
1177,1986,2417,2125,815,369
1152,1939,2365,2097,815,369
1152,1939,2365,2097,770,761
1117,1939,2365,2097,770,761
1117,1891,2315,2097,770,761
1117,1891,2315,2314,754,745
1117,1891,2315,2314,754,745
1043,1852,2269,2314,754,745
1043,1852,2269,2016,746,745
1043,1852,2269,2016,746,766
1000,2128,2269,2016,746,766
1000,2128,2225,1968,2141,770
966,2099,2225,1968,2141,770
966,2099,2189,1927,2141,770
966,2099,2189,1927,2170,780
950,2099,2189,1927,2170,780
950,2466,2179,1898,2170,780
950,2466,2179,1898,643,950
1679,2466,2179,1898,643,950
1679,2109,2227,1898,643,950
1679,2109,2227,668,610,743
1679,2109,2227,668,610,743
2379,2072,1800,584,580,743
2379,2072,1800,584,580,449
2490,2079,1800,584,580,449
2490,2079,1751,544,551,449
2490,2079,1751,544,551,751
2681,2044,1751,544,551,751
2681,2044,1703,507,551,751
2681,2044,1703,507,512,767
2659,2044,1703,507,512,767
2659,2010,1651,468,512,767
2659,2010,1651,468,468,4125
2603,1924,1593,468,468,4125
2603,1924,1593,438,419,877
2603,1924,1593,438,419,877
2179,1838,1545,438,419,877
2179,1838,1545,432,375,877
2179,1838,1545,432,375,846
1745,1735,1545,432,375,846
1745,1735,2404,1469,333,846
1745,1735,2404,1469,333,3559
1467,2451,2404,1469,333,3559
1467,2451,1703,1412,333,3559
1335,2451,1703,1412,316,4910
1335,1981,1590,2394,316,4910
1335,1981,1590,2394,1358,304
1048,1981,1590,2394,1358,304
1048,1414,1975,2394,1358,304
1048,1414,1975,1543,398,289
1048,1414,1975,1543,398,289
1002,1237,1558,1543,398,289
1002,1237,1558,1496,2337,289
1002,1237,1558,1496,2337,299
955,1423,1257,2208,1452,299
955,1423,1257,2208,1452,339
521,894,1257,2208,1452,339
521,894,1115,1780,1452,339
521,894,1115,1780,1407,370
465,894,1115,1780,1407,370
465,830,1050,1716,1407,370
465,830,1050,1716,1373,2393
421,830,1050,1716,1373,2393
421,773,994,1716,1373,2393
421,773,994,1676,1333,2976
749,1412,982,1676,1333,2976
749,1412,982,1989,1314,2976
749,1412,982,1989,1314,3683
654,869,982,1989,1314,3683
654,869,1537,1241,2192,3683
654,869,1537,1241,2192,1537
848,1716,1537,1241,2192,1537
848,1716,2011,1199,2192,1537
848,1716,2011,1199,2156,3061
776,1716,2011,1199,2156,3061
776,1461,1153,2171,2156,3061
1029,1461,1153,2171,3616,385
1029,1956,1135,2171,3616,385
1029,1956,1135,2092,1474,2433
1029,1956,1135,2092,1474,2433
1749,1056,2063,2092,1474,2433
1749,1056,2063,3557,1440,2433
1749,1056,2063,3557,1440,4659
1925,1037,2063,3557,1440,4659
1925,1037,1992,3509,2345,4659
1925,1037,1992,3509,2345,1432
967,1954,3490,1366,2345,1432
967,1954,3490,1366,2259,1384
994,1954,3490,1366,2259,1384
994,1909,3461,2279,2259,1384
994,1909,3461,2279,282,1314
1842,1909,3461,2279,282,1314
1842,3373,1275,2279,282,1314
1842,3373,1275,2175,240,1298
1842,3373,1275,2175,240,1298
2086,1258,2817,2175,240,1298
2086,1258,2817,2185,208,1298
2768,1196,2817,2185,208,1292
2768,1196,2769,2099,181,1292
2768,1196,2769,2099,181,1283
1738,3216,2769,2099,181,1283
1738,3216,1121,2043,181,1283
1738,3216,1121,2043,3996,166
1678,3216,1121,2043,3996,166
1678,2654,3196,1093,3996,166
1678,2654,3196,1093,2015,181
3105,2654,3196,1093,2015,181
3105,1627,3112,1093,2015,181
3105,1627,3112,1023,1954,223
840,1562,2543,1023,1954,223
840,1562,2543,3065,971,223
840,1562,2543,3065,971,1450
749,1555,2543,3065,971,1450
749,1555,1516,2974,917,1450
749,1555,1516,2974,917,3926
673,3092,1516,2974,917,3926
673,3092,1424,2916,917,3926
673,3092,1424,2916,880,3921
616,3092,1424,2916,880,3921
616,1446,1398,2857,837,4634
3090,1446,1398,2857,837,4634
3090,1302,2660,2857,837,4634
3090,1302,2660,2913,809,372
3090,1302,2660,2913,809,372
1326,1335,2764,2913,809,372
1326,1335,2764,775,1889,372
1326,1335,2764,775,1889,339
1213,1979,2764,775,1889,339
1213,1979,2732,724,1844,339
1175,2515,2732,724,1844,336
1175,2515,2682,688,1844,336
1175,2515,2682,688,1814,339
1122,2515,2682,688,1814,339
1122,1871,2621,2736,1814,339
1122,1871,2621,2736,1816,344
1075,1871,2621,2736,1816,344
1075,1799,2561,2736,1816,344
1075,1799,2561,2697,607,351
1075,1799,2561,2697,607,351
1028,1743,2507,2697,607,351
1028,1743,2507,2639,559,359
982,1690,2507,2639,559,359
982,1690,2454,2545,522,359
982,1690,2454,2545,522,367
938,1639,2454,2545,522,367
938,1639,2406,2496,522,367
938,1639,2406,2496,499,373
900,1639,2406,2496,499,373
900,1598,2360,2452,499,373
900,1598,2360,2452,2128,379
856,1556,2314,2452,2128,379
856,1556,2314,2408,2096,384
856,1556,2314,2408,2096,384
815,1513,2268,2408,2096,384
815,1513,2268,2372,2066,384
815,1513,2268,2372,2066,390
776,1469,2268,2372,2066,390
776,1469,2222,2324,2037,390
776,1469,2222,2324,2037,394
739,1432,2222,2324,2037,394
739,1432,2175,2281,2037,394
703,1432,2175,2281,2008,398
703,1414,2130,2236,2008,398
703,1414,2130,2236,1980,391
674,1414,2130,2236,1980,391
674,1916,2086,2236,1980,391
674,1916,2086,2208,1953,380
674,1916,2086,2208,1953,380
641,1876,2039,2208,1953,380
641,1876,2039,2197,1924,380
641,1876,2039,2197,1924,380
610,1820,2039,2197,1924,380
610,1820,1992,2178,1897,383
583,1760,1992,2178,1897,383
583,1760,1944,2139,1897,383
583,1760,1944,2139,1870,385
556,1760,1944,2139,1870,385
556,1717,1899,2104,1870,385
556,1717,1899,2104,1843,386
1120,1717,1899,2104,1843,386
1120,1674,1852,2104,1843,386
1120,1674,1852,2062,1815,387
1120,1674,1852,2062,1815,387
1076,1632,1804,2045,1791,387
1076,1632,1804,2045,1791,386
1035,1606,1804,2045,1791,386
1035,1606,1758,1983,1765,386
1035,1606,1758,1983,1765,386
995,1568,1758,1983,1765,386
995,1568,1712,1971,1765,386
995,1568,1712,1971,1740,385
955,1568,1712,1971,1740,385
955,1536,1666,1928,1740,385
917,1536,1666,1928,1719,384
917,1481,1620,1928,1719,384
917,1481,1620,1887,1705,383
917,1481,1620,1887,1705,383
883,1432,1576,1887,1705,383
883,1432,1576,1842,1688,383
883,1432,1576,1842,1688,381
853,1631,1576,1842,1688,381
853,1631,1534,1797,1727,381
853,1631,1534,1797,1727,379
998,1603,1534,1797,1727,379
998,1603,1488,1750,1787,377
962,1603,1488,1750,1787,377
962,1580,1445,1714,1787,377
962,1580,1445,1714,1724,375
930,1580,1445,1714,1724,375
930,1526,1410,1714,1724,375
930,1526,1410,1666,1718,372
930,1526,1410,1666,1718,372
917,1479,1419,1666,1718,372
917,1479,1419,1625,1655,372
917,1479,1419,1625,1655,369
1032,1405,1380,1583,1627,369
1032,1405,1380,1583,1627,366
991,1291,1380,1583,1627,366
991,1291,1345,1540,1627,366
991,1291,1345,1540,1610,362
948,1291,1345,1540,1610,362
948,1213,1298,1496,1610,362
948,1213,1298,1496,1562,358
915,1213,1298,1496,1562,358
915,1161,1252,1496,1562,358
915,1161,1252,1453,1565,354
955,1112,1205,1453,1565,354
955,1112,1205,1411,1531,354
955,1112,1205,1411,1531,350
930,1063,1205,1411,1531,350
930,1063,1157,998,1530,350
930,1063,1157,998,1530,346
895,1013,1157,998,1530,346
895,1013,1107,959,1530,346
895,1013,1107,959,1551,342
844,1013,1107,959,1551,342
844,967,1058,1147,1508,340
797,967,1058,1147,1508,340
797,926,929,1147,1508,340
797,926,929,1105,1438,339
797,926,929,1105,1438,339
753,954,854,1105,1438,339
753,954,854,1050,1336,339
753,954,854,1050,1336,340
706,1843,854,1050,1336,340
706,1843,795,1001,1292,340
706,1843,795,1001,1292,344
650,1790,738,954,1292,344
650,1790,738,954,1122,587
576,1790,738,954,1122,587
576,1749,685,806,1122,587
576,1749,685,806,1059,591
549,1749,685,806,1059,591
549,1684,632,806,1059,591
549,1684,632,757,1014,594
549,1684,632,757,1014,594
518,549,582,757,1014,594
518,549,582,823,994,594
474,547,582,823,994,593
474,547,658,776,1117,593
474,547,658,776,1117,592
432,479,658,776,1117,592
432,479,598,726,1117,592
432,479,598,726,1085,587
452,479,598,726,1085,587
452,414,537,835,1085,587
452,414,537,835,1252,577
359,414,537,835,1252,577
359,474,603,947,6000,564
359,474,603,947,6000,564
301,409,542,947,6000,564
301,409,542,917,6000,564
301,409,542,917,6000,643
348,472,542,917,6000,643
348,472,645,4086,1853,643
348,472,645,4086,1853,610
426,576,645,4086,1853,610
426,576,778,6000,1853,610
426,576,778,6000,1437,512
337,689,3922,1756,1437,512
337,689,3922,1756,447,487
449,689,3922,1756,447,487
449,653,6000,1756,447,487
449,653,6000,1697,409,475
449,653,6000,1697,409,475
582,3801,4910,1697,409,475
582,3801,4910,1647,363,475
582,3801,4910,1647,363,466
531,6000,4910,1647,363,466
531,6000,1607,1592,319,464
481,6000,1607,1592,319,464
481,6000,4910,1511,319,464
481,6000,4910,1511,1045,471
428,6000,4910,1511,1045,471
428,579,4910,1457,1045,471
428,579,4910,1457,4910,471
379,579,4910,1457,4910,471
379,514,6000,1457,4910,471
379,514,6000,1402,4910,251
379,514,6000,1402,4910,251
457,4910,4910,1342,1995,251
457,4910,4910,1342,1995,234
395,6000,4910,1342,1995,234
395,6000,1290,4910,1583,234
395,6000,1290,4910,1583,217
3390,4910,1290,4910,1583,217
3390,4910,1204,6000,1583,217
3390,4910,1204,6000,1523,205
3973,4910,1204,6000,1523,205
3973,4910,1126,6000,1523,205
3973,4910,1126,6000,456,204
3585,4910,1051,6000,456,204
3585,4910,1051,4000,1419,423
3585,4910,1051,4000,1419,423
3152,6000,1000,4000,1419,423
3152,6000,1000,1008,2263,423
3152,6000,1000,1008,2263,407
3113,4879,1000,1008,2263,407
3113,4879,2868,932,1625,407
3113,4879,2868,932,1625,405
3138,4378,2868,932,1625,405
3138,4378,2829,888,1625,405
3035,4378,2829,888,1598,402
3035,4786,2786,844,1598,402
3035,4786,2786,844,2217,398
2968,4786,2786,844,2217,398
2968,4749,2745,844,2217,398
2968,4749,2745,802,2970,394
2968,4749,2745,802,2970,394
2924,4719,2706,802,2970,394
2924,4719,2706,762,519,394
2924,4719,2706,762,519,390
2889,4658,2659,720,492,390
2889,4658,2659,720,492,386
1981,4631,2659,720,492,386
1981,4631,2598,679,492,386
1981,4631,2598,679,476,381
2970,4631,2598,679,476,381
2970,4586,2545,638,476,381
2970,4586,2545,638,2705,377
3529,4586,2545,638,2705,377
3529,4541,2493,638,2705,377
3529,4541,2493,598,2693,371
3440,4477,2446,598,2693,371
3440,4477,2446,558,1429,371
3440,4477,2446,558,1429,365
3382,4432,2446,558,1429,365
3382,4432,2399,519,564,365
3382,4432,2399,519,564,360
3321,4381,2399,519,564,360
3321,4381,2348,482,564,360
3321,4381,2348,482,519,355
3197,4381,2348,482,519,355
3197,3520,2297,2497,519,355
3095,3520,2297,2497,430,362
3095,3448,6000,2497,430,362
3095,3448,6000,2286,387,391
3095,3448,6000,2286,387,391
3004,3390,6000,2286,387,391
3004,3390,6000,2179,2619,391
3004,3390,6000,2179,2619,402
2460,3328,6000,2179,2619,402
2460,3328,4153,2127,2357,402
2460,3328,4153,2127,2357,432
553,3007,3288,2742,2357,432
553,3007,3288,2742,2223,342
1932,3007,3288,2742,2223,342
1932,2941,3241,2799,2223,342
1932,2941,3241,2799,2198,340
1997,2941,3241,2799,2198,340
1997,2900,3186,2799,2198,340
1997,2900,3186,2760,2117,349
1997,2900,3186,2760,2117,349
1831,2767,3129,2760,2117,349
1831,2767,3129,2746,2047,349
1529,2696,3129,2746,2047,6000
1529,2696,3079,6000,1970,6000
1529,2696,3079,6000,1970,6000
1479,2603,3079,6000,1970,6000
1479,2603,3031,6000,1970,6000
1479,2603,3031,6000,1920,6000
1464,2603,3031,6000,1920,6000
1464,2567,3006,6000,1920,6000
1464,2567,3006,6000,1896,6000
1454,2567,3006,6000,1896,6000
1454,2564,3005,6000,1896,6000
1454,2564,3005,6000,1893,6000
1454,2564,3006,6000,1893,6000
1454,2564,3006,6000,1894,6000
1454,2564,3006,6000,1894,6000
1454,2564,3006,6000,1894,6000
1454,2564,3005,6000,1893,6000
1454,2564,3005,6000,1893,6000
1454,2564,3005,6000,1893,6000
1454,2564,3005,6000,1893,6000
1454,2564,3005,6000,1896,6000
1454,2564,3005,6000,1896,6000
1454,2564,3005,6000,1896,6000
1454,2564,3005,6000,1896,6000
1454,2564,3005,6000,1896,6000
1454,2564,3005,6000,1896,6000
1454,2564,3005,6000,1896,6000
1454,2564,3005,6000,1896,6000
1454,2564,3005,6000,1893,6000
1454,2564,3005,6000,1893,6000
1453,2564,3005,6000,1893,6000
1453,2564,3005,6000,1893,6000
1453,2564,3005,6000,1893,6000
1453,2564,3006,6000,1893,6000
1453,2564,3006,6000,1896,6000
1453,2564,3006,6000,1896,6000
1453,2563,3005,6000,1896,6000
1453,2563,3005,6000,1893,6000
1453,2563,3005,6000,1893,6000
1453,2564,3005,6000,1893,6000
1453,2564,3005,6000,1896,6000
1453,2564,3005,6000,1896,6000
1453,2564,3005,6000,1896,6000
1453,2564,3005,6000,1896,6000
1453,2564,3005,6000,1896,6000
1453,2564,3005,6000,1893,6000
1453,2564,3005,6000,1893,6000
1454,2564,3005,6000,1893,6000
1454,2564,3006,6000,1893,6000
1454,2564,3006,6000,1893,6000
1454,2564,3006,6000,1893,6000
1454,2564,3006,6000,1893,6000
1454,2564,3006,6000,1893,6000
1454,2564,3006,6000,1893,6000
1454,2564,3006,6000,1893,6000
1454,2564,3006,6000,1893,6000
1454,2564,3006,6000,1893,6000
1454,2564,3006,6000,1893,6000
1454,2564,3006,6000,1893,6000
1454,2564,3006,6000,1893,6000
1454,2564,3006,6000,1893,6000
1454,2564,3006,6000,1893,6000
1454,2564,3006,6000,1893,6000
1454,2564,3006,6000,1893,6000
1454,2564,3006,6000,1894,6000
1454,2562,3006,6000,1894,6000
1454,2562,3006,6000,1897,6000
1454,2562,3006,6000,1897,6000
1454,2564,3006,6000,1897,6000
1454,2564,3006,6000,1897,6000
1454,2564,3006,6000,1897,6000
1454,2561,3006,6000,1897,6000
1454,2561,3006,6000,1897,6000
1454,2561,3006,6000,1897,6000
1454,2562,3006,6000,1897,6000
1454,2562,3006,6000,1897,6000
1454,2562,3006,6000,1897,6000
1454,2562,3006,6000,1897,6000
1454,2562,3006,6000,1897,6000
1454,2562,3006,6000,1897,6000
1454,2562,3006,6000,1897,6000
1454,2562,3006,6000,1897,6000
1454,2562,3006,6000,1897,6000
1454,2562,3007,6000,1897,6000
1454,2562,3007,6000,1897,6000
1454,2562,3007,6000,1897,6000
1455,2562,3007,6000,1897,6000
1455,2562,3007,6000,1897,6000
1454,2562,3007,6000,1897,6000
1454,2562,3007,6000,1897,6000
1454,2562,3007,6000,1897,6000
1455,2562,3007,6000,1897,6000
1455,2562,3007,6000,1897,6000
1455,2562,3007,6000,1897,6000
1454,2562,3007,6000,1897,6000
1454,2563,3007,6000,1897,6000
1455,2563,3007,6000,1897,6000
1455,2563,3008,6000,1897,6000
1455,2563,3008,6000,1898,6000
1455,2563,3008,6000,1898,6000
1452,2563,3008,6000,1898,6000
1452,2563,3008,6000,1898,6000
1452,2563,3008,6000,1898,6000
1452,2563,3008,6000,1898,6000
1452,2563,3008,6000,1898,6000
1452,2563,3008,6000,1898,6000
1453,2563,3008,6000,1898,6000
1453,2563,3008,6000,1898,6000
1448,2563,3008,6000,1898,6000
1448,2563,3008,6000,1898,6000
1448,2563,3008,6000,1895,6000
1452,2563,3008,6000,1895,6000
1452,2566,3008,6000,1895,6000
1452,2566,3008,6000,1895,6000
1452,2566,3008,6000,1895,6000
1448,2566,3008,6000,1895,6000
1448,2566,3008,6000,1895,6000
1448,2566,3008,6000,1895,6000
1449,2567,3008,6000,1898,6000
1449,2567,3008,6000,1898,6000
1456,2563,3008,6000,1898,6000
1456,2563,3008,6000,1898,6000
1456,2563,3008,6000,1898,6000
1452,2563,3008,6000,1898,6000
1452,2564,3008,6000,1898,6000
1452,2564,3008,6000,1933,6000
1453,2564,3008,6000,1933,6000
1453,2565,3010,6000,1933,6000
1453,2565,3010,6000,1914,6000
1453,2569,3010,6000,1914,6000
1453,2569,3010,6000,652,6000
1453,2569,3010,6000,652,6000
1450,2569,3010,6000,652,6000
1450,2569,3010,6000,851,6000
1450,2569,3010,6000,851,6000
1451,2568,3010,6000,851,6000
1451,2568,3011,6000,851,6000
1451,2568,3011,6000,835,6000
1450,2568,3011,6000,835,6000
1450,413,3010,6000,792,6000
1450,413,3010,6000,792,6000
1450,377,3011,6000,792,6000
1450,377,3011,6000,786,6000
1450,377,3011,6000,786,6000
1964,362,3008,6000,786,6000
1964,362,3008,661,2153,6000
1964,362,3008,661,2153,6000
2919,3752,3008,661,2153,6000
2919,3752,586,2111,6000,6000
2919,3752,586,2111,6000,292
1651,517,1891,2701,6000,292
1651,517,1891,2701,6000,289
1673,517,1891,2701,6000,289
1673,518,1887,2565,6000,289
1673,518,1887,2565,6000,289
1707,518,1887,2565,6000,289
1707,492,1829,2565,6000,289
1707,492,1829,2481,6000,287
1707,492,1829,2481,6000,287
1708,429,1670,2481,6000,287
1708,429,1670,2057,6000,287
452,6000,1670,2057,6000,6000
452,6000,1555,1880,6000,6000
452,6000,1555,1880,6000,6000
2684,6000,1555,1880,6000,6000
2684,6000,1464,1593,6000,6000
2684,6000,1464,1593,2543,6000
2623,6000,1464,1593,2543,6000
2623,3711,1826,1515,2543,6000
2623,3711,1826,1515,2179,6000
2584,3711,1826,1515,2179,6000
2584,3388,1950,1453,1908,6000
2584,3388,1950,1453,1908,6000
2582,3385,1947,1453,1908,6000
2582,3385,1947,1454,1911,6000
2582,3385,1947,1454,1911,6000
2582,3384,1947,1454,1911,6000
2582,3384,1954,1458,1902,6000
2582,3384,1954,1458,1902,6000
2582,3385,1954,1458,1902,6000
2582,3385,1954,1460,1902,6000
2582,3385,1954,1460,1848,6000
2582,3385,1954,1461,1848,6000
2582,3385,1954,1461,1904,6000
2582,3385,1954,1461,1904,6000
2582,3385,1944,1461,1904,6000
2582,3385,1944,1458,1905,6000
2582,3385,1944,1458,1905,6000
2582,3385,1940,1458,1905,6000
2582,3385,1940,1457,1901,6000
2582,3385,1940,1457,1901,6000
2582,3384,1940,1457,1901,6000
2582,3384,1943,1464,1901,6000
2582,3385,1943,1464,1901,6000
2582,3385,1940,1458,1901,6000
2582,3385,1940,1458,1838,6000
2582,3385,1940,1458,1838,6000
2582,3385,1937,1457,1838,6000
2582,3385,1937,1457,1901,6000
2582,3385,1937,1457,1901,6000
2582,3384,1943,1457,1901,6000
2582,3384,1943,1456,1901,6000
2582,3384,1943,1456,1901,6000
2582,3385,1940,1457,1841,6000
2582,3385,1940,1457,1841,6000
2582,3385,1940,1457,1841,6000
2582,3385,1943,1456,1848,6000
2582,3385,1943,1456,1848,6000
2582,3388,1943,1456,1848,6000
2582,3388,1946,1457,1848,6000
2582,3388,1946,1457,1901,6000
2582,3388,1946,1457,1901,6000
2582,3384,1943,1458,1901,6000
2582,3384,1943,1458,1845,6000
2582,3385,1939,1458,1845,6000
2582,3385,1939,1457,1905,6000
2582,3385,1939,1457,1905,6000
2582,3385,1943,1457,1905,6000
2582,3385,1943,1460,1908,6000
2582,3385,1943,1460,1908,6000
2582,3384,1943,1460,1908,6000
2582,3384,1940,1461,1908,6000
2582,3384,1940,1461,1908,6000
2582,3385,1940,1461,1908,6000
2582,3385,1943,1461,1908,6000
2582,3385,1943,1461,1901,6000
2582,3385,1942,1461,1901,6000
2582,3385,1942,1461,1845,6000
2582,3385,1942,1461,1845,6000
2582,3384,1943,1461,1845,6000
2582,3384,1943,1461,1901,6000
2582,3384,1943,1461,1901,6000
2582,3385,1942,1461,1901,6000
2582,3385,1942,1461,1905,6000
2582,3385,1942,1461,1905,6000
2582,3385,1936,1458,1908,6000
2582,3385,1936,1458,1908,6000
2582,3384,1936,1458,1908,6000
2582,3384,1940,1460,1908,6000
2582,3384,1940,1460,1908,6000
2429,3384,1940,1460,1908,6000
2429,3384,1940,1460,1908,6000
2429,3384,1940,1460,1908,6000
2581,3384,1940,1460,1908,6000
2581,3388,1943,1460,1908,6000
2581,3388,1943,1461,1908,6000
170,3384,1936,1461,1908,6000
170,3384,1936,1460,1904,6000
170,3384,1936,1460,1904,6000
2581,185,1936,1460,1904,6000
2581,185,2068,1460,1904,6000
2581,185,2068,1460,1904,6000
2582,171,2068,1460,1904,6000
2582,171,4271,1461,1904,6000
2582,171,4271,1461,1901,6000
2582,171,4271,1461,1901,6000
2582,171,4294,1461,1901,6000
2582,171,4294,1461,1845,6000
2582,168,2138,1461,1845,6000
2582,168,2138,1461,1898,6000
2582,168,2138,1461,1898,6000
179,3396,1937,1461,1898,6000
179,3396,1937,1461,1841,6000
179,3396,1937,1461,1841,6000
2604,3385,1937,1461,1841,6000
2604,3385,1936,1461,1845,6000
2604,3385,1936,1461,1845,6000
2595,3384,1944,1461,1845,6000
2595,3384,1944,1461,1841,6000
2582,3384,1944,1461,1841,6000
2582,3387,1936,1460,1841,6000
2582,3387,1936,1460,1841,6000
2583,3387,1936,1460,1841,6000
2583,3389,1941,1460,1841,6000
2583,3389,1941,1465,1945,6000
2583,3389,1941,1465,1945,6000
2589,6000,1378,1465,1945,6000
2589,6000,1378,1690,2746,6000
3400,2063,1378,1690,2746,6000
3400,2063,1427,1766,6000,6000
3400,2063,1427,1766,6000,6000
3396,2048,1427,1766,6000,6000
3396,2048,1409,1780,6000,6000
3396,2048,1409,1780,6000,6000
3396,2048,1409,1780,6000,6000
3396,2043,1410,1774,6000,6000
3396,2043,1410,1774,6000,6000
3397,2043,1410,1774,6000,6000
3397,1969,1431,1774,6000,6000
3397,1969,1431,1815,4875,6000
2120,1421,1762,1815,4875,6000
2120,1421,1762,6000,6000,6000
2120,1421,1762,6000,6000,2963
1332,1637,1762,6000,6000,2963
1332,1637,2983,4662,6000,2963
1332,1637,2983,4662,6000,2878
1350,1639,2983,4662,6000,2878
1350,1639,4456,4618,6000,2878
1350,1639,4456,4618,6000,2843
1346,1655,4464,4599,6000,2843
1346,1655,4464,4599,6000,2629
1428,1655,4464,4599,6000,2629
1428,2255,4476,4599,6000,2629
1428,2255,4476,6000,6000,278
1428,2255,4476,6000,6000,278
1582,2726,4497,6000,6000,278
1582,2726,4497,6000,3159,278
1582,2726,4497,6000,3159,244
2245,4484,4497,6000,3159,244
2245,4484,6000,6000,2837,244
2689,4430,6000,6000,2837,248
2689,4430,6000,6000,2837,248
2689,4430,6000,6000,3136,507
2189,4430,6000,6000,3136,507
2189,4524,6000,6000,3136,507
2189,4524,6000,6000,3179,519
1612,4524,6000,6000,3179,519
1612,4462,4267,6000,3179,519
1612,4462,4267,6000,3211,535
1612,4462,4267,6000,3211,535
1576,4525,4232,6000,3211,535
1576,4525,4232,4542,3214,544
1144,4368,4232,4542,3214,544
1144,4368,4603,4402,3225,544
1144,4368,4603,4402,3225,551
1289,4439,4603,4402,3225,551
1289,4439,4143,4640,3225,551
1289,4439,4143,4640,3250,557
1322,4439,4143,4640,3250,557
1322,2081,4092,4616,3250,557
1322,2081,4092,4616,2872,564
1553,2052,4049,4616,2872,564
1553,2052,4049,4721,2870,571
1553,2052,4049,4721,2870,571
1549,3318,3998,4721,2870,571
1549,3318,3998,4501,3288,571
1549,3318,3998,4501,3288,577
1568,3219,3998,4501,3288,577
1568,3219,4498,3053,3292,577
1568,3219,4498,3053,3292,580
1600,4212,4498,3053,3292,580
1600,4212,3920,4568,3292,580
1748,4212,3920,4568,3305,582
1748,4202,4004,4451,3305,582
1748,4202,4004,4451,3271,582
2229,4202,4004,4451,3271,582
2229,4910,6000,4451,3271,582
2229,4910,6000,6000,3237,580
2229,4910,6000,6000,3237,580
2754,3776,4434,6000,3237,580
2754,3776,4434,6000,783,580
2754,3776,4434,6000,783,575
2765,3731,4434,6000,783,575
2765,3731,4194,4722,745,569
2777,3686,4194,4722,745,569
2777,3686,4088,4708,745,569
2777,3686,4088,4708,706,563
2789,3686,4088,4708,706,563
2789,3677,4197,4681,706,563
2789,3677,4197,4681,673,556
2800,3677,4197,4681,673,556
2800,3623,4097,4681,673,556
2800,3623,4097,4614,648,549
2800,3623,4097,4614,648,549
2812,3580,3958,4569,640,549
2812,3580,3958,4569,640,542
2825,3498,3958,4569,640,542
2825,3498,4025,4531,2681,542
2825,3498,4025,4531,2681,534
2843,3456,4025,4531,2681,534
2843,3456,3963,4557,2681,534
2843,3456,3963,4557,2708,526
2909,3456,3963,4557,2708,526
2909,3418,3899,4466,2708,526
3559,3418,3899,4466,3005,518
3559,3409,3783,4466,3005,518
3559,3409,3783,4429,2974,510
3559,3409,3783,4429,2974,510
2925,3358,3788,4429,2974,510
2925,3358,3788,4381,2965,510
2925,3358,3788,4381,2965,502
2914,3303,3788,4381,2965,502
2914,3303,3746,4268,2896,502
2914,3303,3746,4268,2896,496
2919,3258,3746,4268,2896,496
2919,3258,3646,4321,2883,488
2939,3258,3646,4321,2883,488
2939,3207,3659,4190,2883,488
2939,3207,3659,4190,2846,484
2970,3207,3659,4190,2846,484
2970,3172,3620,4190,2846,484
2970,3172,3620,4158,2818,484
2970,3172,3620,4158,2818,484
3477,3125,3571,4158,2818,484
3477,3125,3571,4074,2787,484
3477,3125,3571,4074,2787,533
3439,3098,3488,4019,2774,533
3439,3098,3488,4019,2774,923
3634,3421,3488,4019,2774,923
3634,3421,3448,4000,2774,923
3634,3421,3448,4000,2850,899
2972,3421,3448,4000,2850,899
2972,4910,3425,4022,2850,899
2972,4910,3425,4022,444,435
2909,4910,3425,4022,444,435
2909,3288,3583,4022,444,435
2909,3288,3583,3626,409,521
4910,3332,3889,3626,409,521
4910,3332,3889,2627,374,521
4910,3332,3889,2627,374,513
4910,3294,3889,2627,374,513
4910,3294,3839,2585,345,513
4910,3294,3839,2585,345,2669
2809,3156,3839,2585,345,2669
2809,3156,3444,4183,345,2669
2809,3156,3444,4183,340,404
2752,3156,3444,4183,340,404
2752,4910,3192,3635,2656,323
3161,4910,3192,3635,2656,323
3161,2706,3058,3635,2656,323
3161,2706,3058,2723,4097,321
3161,2706,3058,2723,4097,321
2989,2659,4910,2723,4097,321
2989,2659,4910,3094,3627,321
2989,2659,4910,3094,3627,332
2997,2621,4910,3094,3627,332
2997,2621,3419,2936,572,332
2997,2621,3419,2936,572,345
3150,3190,2547,2911,572,345
3150,3190,2547,2911,2590,391
3037,3190,2547,2911,2590,391
3037,2998,2483,2863,2590,391
3037,2998,2483,2863,2560,414
3199,2998,2483,2863,2560,414
3199,2939,2431,2863,2560,414
3199,2939,2431,2776,2533,419
3199,2939,2431,2776,2533,419
3149,2901,2385,2776,2533,419
3149,2901,2385,2803,2508,433
3100,2871,2385,2803,2508,433
3100,2871,2341,2698,2482,433
3100,2871,2341,2698,2482,454
2898,2941,2341,2698,2482,454
2898,2941,2295,2657,2482,454
2898,2941,2295,2657,2459,441
2833,2941,2295,2657,2459,441
2833,2889,2248,2619,2459,441
2833,2889,2248,2619,2433,445
3002,2889,2248,2619,2433,445
3002,2767,2202,2580,2408,450
3002,2767,2202,2580,2408,450
3015,2702,2159,2580,2408,450
3015,2702,2159,2538,2386,450
3015,2702,2159,2538,2386,824
2687,2695,2159,2538,2386,824
2687,2695,2114,2532,2364,824
2687,2695,2114,2532,2364,814
2477,2715,2114,2532,2364,814
2477,2715,2103,2456,2364,814
2477,2715,2103,2456,2327,808
2384,2014,6000,2578,2327,808
2384,2014,6000,2578,2294,930
2610,2014,6000,2578,2294,930
2610,2377,2398,2578,2294,930
2610,2377,2398,2258,2315,454
2610,2377,2398,2258,2315,454
1926,2482,2489,2258,2315,454
1926,2482,2489,2222,727,454
1926,2482,2489,2222,727,1676
2315,2444,2489,2222,727,1676
2315,2444,2176,2228,695,1673
3201,2393,2176,2228,695,1673
3201,2393,2128,2186,695,1673
3201,2393,2128,2186,663,425
3150,2393,2128,2186,663,425
3150,2342,2082,2144,663,425
3150,2342,2082,2144,632,423
3115,2342,2082,2144,632,423
3115,2294,2035,2144,632,423
3115,2294,2035,2103,603,859
3115,2294,2035,2103,603,859
3089,2248,1990,2065,576,859
3089,2248,1990,2065,576,848
4910,2202,1990,2065,576,848
4910,2202,1944,2024,550,848
4910,2202,1944,2024,550,818
3013,2154,1944,2024,550,818
3013,2154,1900,1984,550,818
3013,2154,1900,1984,537,807
2302,2154,1900,1984,537,807
2302,2107,1854,1943,537,807
2302,2107,1854,1943,2349,789
2247,2062,1808,1943,2349,789
2247,2062,1808,1910,2320,798
2247,2062,1808,1910,2320,798
2097,2017,1756,1910,2320,798
2097,2017,1756,1881,506,798
2097,2017,1756,1881,506,766
2023,1998,1756,1881,506,766
2023,1998,1714,2164,439,766
2023,1998,1714,2164,439,794
1931,1677,1714,2164,439,794
1931,1677,1834,2116,439,794
1885,1677,1834,2116,408,894
1885,1628,1760,2058,408,894
1885,1628,1760,2058,1936,761
1840,1628,1760,2058,1936,761
1840,2032,1582,2058,1936,761
1840,2032,1582,2020,2776,705
1840,2032,1582,2020,2776,705
1802,1869,1510,2020,2776,705
1802,1869,1510,1693,2734,705
1802,1869,1510,1693,2734,364
1749,1858,1481,1932,3553,364
1749,1858,1481,1932,3553,712
1711,1409,1481,1932,3553,712
1711,1409,1542,1974,3553,712
1711,1409,1542,1974,2899,715
1927,1409,1542,1974,2899,715
